Strain1,Strain2,Distance
A/NEW_JERSEY/8/1976,A/CALIFORNIA/04/2009,5.65685424949
A/NEW_JERSEY/8/1976,A/CALIFORNIA/07/2009,4.0
A/NEW_JERSEY/8/1976,A/ENGLAND/195/2009,4.0
A/NEW_JERSEY/8/1976,A/AUCKLAND/3/2009,2.0
A/NEW_JERSEY/8/1976,A/BAYERN/69/2009,11.313708499
A/NEW_JERSEY/8/1976,A/LVIV/N6/2009,11.313708499
A/SWINE/IOWA/1930,A/NEW_JERSEY/8/1976,2.82842712475
A/SWINE/IOWA/1930,A/WISCONSIN/10/1998,128.0
A/SWINE/IOWA/1930,A/TEXAS/14/2008,32.0
A/SWINE/IOWA/1930,A/ILLINOIS/09/2007,64.0
A/SWINE/IOWA/1930,A/IOWA/02/2009,90.5096679919
A/SWINE/IOWA/1930,A/CALIFORNIA/07/2009,64.0
A/SWINE/IOWA/1930,A/MEXICO/4108/2009,32.0
A/SWINE/IOWA/1930,A/NEW_YORK/18/2009,64.0
A/SWINE/IOWA/1930,A/TEXAS/15/2009,64.0
A/NEW_JERSEY/8/1976,A/WISCONSIN/10/1998,32.0
A/NEW_JERSEY/8/1976,A/TEXAS/14/2008,22.627416998
A/NEW_JERSEY/8/1976,A/ILLINOIS/09/2007,45.2548339959
A/NEW_JERSEY/8/1976,A/IOWA/02/2009,45.2548339959
A/NEW_JERSEY/8/1976,A/MEXICO/4108/2009,90.5096679919
A/NEW_JERSEY/8/1976,A/NEW_YORK/18/2009,128.0
A/NEW_JERSEY/8/1976,A/TEXAS/15/2009,128.0
A/NEW_JERSEY/8/1976,A/CALIFORNIA/07/2009_X_179A,4.0
A/NEW_JERSEY/8/1976,A/CALIFORNIA/07/2009_IVR153,4.0
A/NEW_JERSEY/8/1976,A/NARITA/1/2009,4.0
A/NEW_JERSEY/8/1976,A/BRISBANE/59/2007,22.627416998
A/NEW_JERSEY/8/1976,A/OHIO/2/2007,1.41421356237
A/SWINE/IOWA/1930,A/OHIO/2/2007,64.0
A/SWINE/IOWA/1930,A/CALIFORNIA/04/2009,90.5096679919
A/SWINE/IOWA/1930,A/CALIFORNIA/05/2009,90.5096679919
A/NEW_JERSEY/8/1976,A/CALIFORNIA/05/2009,22.627416998
A/SWINE/IOWA/1930,A/CALIFORNIA/08/2009,32.0
A/SWINE/IOWA/1930,A/CALIFORNIA/07/2009_X_179A,128.0
A/SWINE/IOWA/1930,A/TEXAS/5/2009_RG15,90.5096679919
A/SWINE/IOWA/1930,A/MEXICO/24001/2009,32.0
A/SWINE/IOWA/1930,A/BRISBANE/59/2007,64.0
A/PUERTO_RICO/8/1934,A/WEISS/1943,11.313708499
A/PUERTO_RICO/8/1934,A/CAMERON/1946,256.0
A/PUERTO_RICO/8/1934,A/FORT_MONMOUTH/1/1947,128.0
A/PUERTO_RICO/8/1934,A/FORT_WARREN/1/50,22.627416998
A/PUERTO_RICO/8/1934,A/FORT_LEONARD_WOOD/1/51,128.0
A/PUERTO_RICO/8/1934,A/DENVER/1/57,128.0
A/WEISS/1943,A/CAMERON/1946,22.627416998
A/WEISS/1943,A/FORT_MONMOUTH/1/1947,16.0
A/WEISS/1943,A/FORT_WARREN/1/50,22.627416998
A/WEISS/1943,A/FORT_LEONARD_WOOD/1/51,64.0
A/WEISS/1943,A/DENVER/1/57,181.019335984
A/CAMERON/1946,A/FORT_MONMOUTH/1/1947,8.0
A/CAMERON/1946,A/FORT_WARREN/1/50,16.0
A/CAMERON/1946,A/FORT_LEONARD_WOOD/1/51,64.0
A/CAMERON/1946,A/DENVER/1/57,256.0
A/FORT_MONMOUTH/1/1947,A/FORT_WARREN/1/50,2.82842712475
A/FORT_MONMOUTH/1/1947,A/FORT_LEONARD_WOOD/1/51,32.0
A/FORT_MONMOUTH/1/1947,A/DENVER/1/57,90.5096679919
A/FORT_WARREN/1/50,A/FORT_LEONARD_WOOD/1/51,8.0
A/FORT_WARREN/1/50,A/DENVER/1/57,16.0
A/FORT_LEONARD_WOOD/1/51,A/DENVER/1/57,16.0
A/FORT_WARREN/1/50,A/ENGLAND/1/51,11.313708499
A/FORT_WARREN/1/50,A/QUEENSLAND/34/54,5.65685424949
A/FORT_WARREN/1/50,A/USSR/90/77,1.0
A/FORT_WARREN/1/50,A/BRAZIL/11/78,1.41421356237
A/FORT_WARREN/1/50,A/LACKLAND/3/78,5.65685424949
A/FORT_WARREN/1/50,A/ENGLAND/333/80,2.82842712475
A/FORT_WARREN/1/50,A/INDIA/6263/80,11.313708499
A/FORT_WARREN/1/50,A/TEXAS/29/82,22.627416998
A/FORT_WARREN/1/50,A/CHILE/1/83,4.0
A/ENGLAND/1/51,A/FORT_LEONARD_WOOD/1/51,22.627416998
A/ENGLAND/1/51,A/QUEENSLAND/34/54,11.313708499
A/ENGLAND/1/51,A/DENVER/1/57,90.5096679919
A/ENGLAND/1/51,A/USSR/90/77,11.313708499
A/ENGLAND/1/51,A/BRAZIL/11/78,8.0
A/ENGLAND/1/51,A/LACKLAND/3/78,32.0
A/ENGLAND/1/51,A/ENGLAND/333/80,22.627416998
A/ENGLAND/1/51,A/INDIA/6263/80,45.2548339959
A/ENGLAND/1/51,A/TEXAS/29/82,45.2548339959
A/ENGLAND/1/51,A/CHILE/1/83,16.0
A/FORT_LEONARD_WOOD/1/51,A/QUEENSLAND/34/54,2.82842712475
A/FORT_LEONARD_WOOD/1/51,A/USSR/90/77,16.0
A/FORT_LEONARD_WOOD/1/51,A/BRAZIL/11/78,32.0
A/FORT_LEONARD_WOOD/1/51,A/LACKLAND/3/78,128.0
A/FORT_LEONARD_WOOD/1/51,A/ENGLAND/333/80,45.2548339959
A/FORT_LEONARD_WOOD/1/51,A/INDIA/6263/80,45.2548339959
A/FORT_LEONARD_WOOD/1/51,A/TEXAS/29/82,64.0
A/FORT_LEONARD_WOOD/1/51,A/CHILE/1/83,45.2548339959
A/QUEENSLAND/34/54,A/DENVER/1/57,22.627416998
A/QUEENSLAND/34/54,A/USSR/90/77,11.313708499
A/QUEENSLAND/34/54,A/BRAZIL/11/78,4.0
A/QUEENSLAND/34/54,A/LACKLAND/3/78,11.313708499
A/QUEENSLAND/34/54,A/ENGLAND/333/80,8.0
A/QUEENSLAND/34/54,A/INDIA/6263/80,5.65685424949
A/QUEENSLAND/34/54,A/TEXAS/29/82,11.313708499
A/QUEENSLAND/34/54,A/CHILE/1/83,4.0
A/DENVER/1/57,A/USSR/90/77,90.5096679919
A/DENVER/1/57,A/BRAZIL/11/78,32.0
A/DENVER/1/57,A/LACKLAND/3/78,128.0
A/DENVER/1/57,A/ENGLAND/333/80,64.0
A/DENVER/1/57,A/INDIA/6263/80,45.2548339959
A/DENVER/1/57,A/TEXAS/29/82,90.5096679919
A/DENVER/1/57,A/CHILE/1/83,32.0
A/USSR/90/77,A/ARIZONA/14/78,4.0
A/USSR/90/77,A/BRAZIL/11/78,2.0
A/USSR/90/77,A/LACKLAND/3/78,5.65685424949
A/ARIZONA/14/78,A/BRAZIL/11/78,2.82842712475
A/ARIZONA/14/78,A/LACKLAND/3/78,5.65685424949
A/BRAZIL/11/78,A/LACKLAND/3/78,4.0
A/USSR/90/77,A/ENGLAND/333/80,2.82842712475
A/USSR/90/77,A/INDIA/6263/80,8.0
A/USSR/90/77,A/CHILE/1/83,11.313708499
A/BRAZIL/11/78,A/ENGLAND/333/80,1.41421356237
A/BRAZIL/11/78,A/INDIA/6263/80,8.0
A/BRAZIL/11/78,A/CHILE/1/83,2.82842712475
A/LACKLAND/3/78,A/ENGLAND/333/80,11.313708499
A/LACKLAND/3/78,A/INDIA/6263/80,5.65685424949
A/LACKLAND/3/78,A/CHILE/1/83,8.0
A/ENGLAND/333/80,A/INDIA/6263/80,2.0
A/ENGLAND/333/80,A/CHILE/1/83,2.0
A/INDIA/6263/80,A/CHILE/1/83,2.0
A/BRAZIL/11/78,A/ARIZONA/14/78,5.65685424949
A/BRAZIL/11/78,A/LACKLAND/7/78,2.0
A/BRAZIL/11/78,A/CALIFORNIA/45/78,8.0
A/BRAZIL/11/78,A/USSR/46/79,5.65685424949
A/ARIZONA/14/78,A/LACKLAND/7/78,8.0
A/ARIZONA/14/78,A/CALIFORNIA/45/78,11.313708499
A/ARIZONA/14/78,A/USSR/46/79,5.65685424949
A/LACKLAND/3/78,A/LACKLAND/7/78,2.82842712475
A/LACKLAND/3/78,A/CALIFORNIA/45/78,4.0
A/LACKLAND/3/78,A/USSR/46/79,16.0
A/LACKLAND/7/78,A/CALIFORNIA/45/78,8.0
A/LACKLAND/7/78,A/USSR/46/79,11.313708499
A/CALIFORNIA/45/78,A/USSR/46/79,22.627416998
A/USSR/90/77,A/LACKLAND/7/78,1.0
A/USSR/90/77,A/CALIFORNIA/45/78,22.627416998
A/USSR/90/77,A/USSR/46/79,2.82842712475
A/USSR/92/77,A/FUKUSHIMA/2/1988,90.5096679919
A/USSR/90/77,A/SINGAPORE/6/86,64.0
A/USSR/90/77,A/TAIWAN/1/86,45.2548339959
A/USSR/90/77,A/TEXAS/36/91,90.5096679919
A/USSR/90/77,A/BAYERN/07/95,90.5096679919
A/USSR/90/77,A/NEW_CALEDONIA/20/1999,45.2548339959
A/BRAZIL/11/78,A/SINGAPORE/6/86,64.0
A/BRAZIL/11/78,A/TAIWAN/1/86,45.2548339959
A/BRAZIL/11/78,A/TEXAS/36/91,90.5096679919
A/BRAZIL/11/78,A/BAYERN/07/95,90.5096679919
A/BRAZIL/11/78,A/NEW_CALEDONIA/20/1999,45.2548339959
A/WUHAN/371/95,A/BRAZIL/11/78,256.0
A/WUHAN/371/95,A/INDIA/6263/80,256.0
A/WUHAN/371/95,A/USSR/90/77,256.0
A/WUHAN/371/95,A/ENGLAND/333/80,256.0
A/BAYERN/07/95,A/BRAZIL/11/78,90.5096679919
A/BAYERN/07/95,A/INDIA/6263/80,256.0
A/BAYERN/07/95,A/USSR/90/77,90.5096679919
A/BAYERN/07/95,A/ENGLAND/333/80,256.0
A/BEIJING/262/1995,A/BRAZIL/11/78,45.2548339959
A/BEIJING/262/1995,A/INDIA/6263/80,256.0
A/BEIJING/262/1995,A/USSR/90/77,45.2548339959
A/BEIJING/262/1995,A/ENGLAND/333/80,256.0
A/BRAZIL/11/78,A/BRISBANE/59/2007,256.0
A/BRAZIL/11/78,A/BRISBANE/193/2004,256.0
A/BRAZIL/11/78,A/CAMBODIA/0371/2007,256.0
A/BRAZIL/11/78,A/FLORIDA/13/07,256.0
A/BRAZIL/11/78,A/FUKUSHIMA/141/2006,256.0
A/BRAZIL/11/78,A/HONG_KONG/2652/2006,256.0
A/BRAZIL/11/78,A/JIANGXI/160/2005,256.0
A/BRAZIL/11/78,A/JOHANNESBURG/82/96,256.0
A/BRAZIL/11/78,A/KENTUCKY/01/2005,256.0
A/BRAZIL/11/78,A/KENTUCKY/02/2006,256.0
A/BRAZIL/11/78,A/NEW_CALEDONIA/9/2004,256.0
A/BRAZIL/11/78,A/PHILIPPINES/673/2006,256.0
A/BRAZIL/11/78,A/SHENZHEN/227/95,256.0
A/BRAZIL/11/78,A/SICHUAN/4/88,256.0
A/BRAZIL/11/78,A/SINGAPORE/14/2004,256.0
A/BRAZIL/11/78,A/SOLOMON_ISLANDS/03/2006,256.0
A/BRAZIL/11/78,A/SOUTH_DAKOTA/06/2007,256.0
A/BRAZIL/11/78,A/USSR/90/77,2.82842712475
A/BRAZIL/11/78,A/VICTORIA/500/2006,256.0
A/BRAZIL/11/78,A/VIRGINIA/01/2006,256.0
A/BRAZIL/11/78,A/CHILE/4795/2000,256.0
A/BRAZIL/11/78,A/FUJIAN/156/2000,256.0
A/BRAZIL/11/78,A/HONG_KONG/1870/2008,256.0
A/BRAZIL/11/78,A/MALAYSIA/100/2006,256.0
A/BRAZIL/11/78,A/MOSCOW/13/98,256.0
A/BRAZIL/11/78,A/NEIMENGGU/52/2002,256.0
A/BRISBANE/59/2007,A/INDIA/6263/80,256.0
A/BRISBANE/59/2007,A/USSR/90/77,256.0
A/BRISBANE/59/2007,A/ENGLAND/333/80,256.0
A/BRISBANE/193/2004,A/INDIA/6263/80,256.0
A/BRISBANE/193/2004,A/USSR/90/77,256.0
A/BRISBANE/193/2004,A/ENGLAND/333/80,256.0
A/CAMBODIA/0371/2007,A/INDIA/6263/80,256.0
A/CAMBODIA/0371/2007,A/USSR/90/77,256.0
A/CAMBODIA/0371/2007,A/ENGLAND/333/80,256.0
A/CHILE/1/83,A/INDIA/6263/80,256.0
A/CHILE/1/83,A/USSR/90/77,11.313708499
A/CHILE/1/83,A/ENGLAND/333/80,4.0
A/FLORIDA/13/07,A/INDIA/6263/80,256.0
A/FLORIDA/13/07,A/USSR/90/77,256.0
A/FLORIDA/13/07,A/ENGLAND/333/80,256.0
A/FUKUSHIMA/141/2006,A/INDIA/6263/80,256.0
A/FUKUSHIMA/141/2006,A/USSR/90/77,256.0
A/FUKUSHIMA/141/2006,A/ENGLAND/333/80,256.0
A/HONG_KONG/2652/2006,A/INDIA/6263/80,256.0
A/HONG_KONG/2652/2006,A/USSR/90/77,256.0
A/HONG_KONG/2652/2006,A/ENGLAND/333/80,256.0
A/INDIA/6263/80,A/JIANGXI/160/2005,256.0
A/INDIA/6263/80,A/JOHANNESBURG/82/96,256.0
A/INDIA/6263/80,A/KENTUCKY/01/2005,256.0
A/INDIA/6263/80,A/KENTUCKY/02/2006,256.0
A/INDIA/6263/80,A/NEW_CALEDONIA/9/2004,256.0
A/INDIA/6263/80,A/NEW_CALEDONIA/20/1999,256.0
A/INDIA/6263/80,A/PHILIPPINES/673/2006,256.0
A/INDIA/6263/80,A/SHENZHEN/227/95,256.0
A/INDIA/6263/80,A/SICHUAN/4/88,256.0
A/INDIA/6263/80,A/SINGAPORE/6/86,256.0
A/INDIA/6263/80,A/SINGAPORE/14/2004,256.0
A/INDIA/6263/80,A/SOLOMON_ISLANDS/03/2006,256.0
A/INDIA/6263/80,A/SOUTH_DAKOTA/06/2007,256.0
A/INDIA/6263/80,A/TAIWAN/1/86,256.0
A/INDIA/6263/80,A/TEXAS/36/91,256.0
A/INDIA/6263/80,A/USSR/90/77,11.313708499
A/INDIA/6263/80,A/VICTORIA/500/2006,256.0
A/INDIA/6263/80,A/VIRGINIA/01/2006,256.0
A/INDIA/6263/80,A/ENGLAND/333/80,4.0
A/INDIA/6263/80,A/CHILE/4795/2000,256.0
A/INDIA/6263/80,A/FUJIAN/156/2000,256.0
A/INDIA/6263/80,A/HONG_KONG/1870/2008,256.0
A/INDIA/6263/80,A/MALAYSIA/100/2006,256.0
A/INDIA/6263/80,A/MOSCOW/13/98,256.0
A/INDIA/6263/80,A/NEIMENGGU/52/2002,256.0
A/JIANGXI/160/2005,A/USSR/90/77,256.0
A/JIANGXI/160/2005,A/ENGLAND/333/80,256.0
A/JOHANNESBURG/82/96,A/USSR/90/77,256.0
A/JOHANNESBURG/82/96,A/ENGLAND/333/80,256.0
A/KENTUCKY/01/2005,A/USSR/90/77,256.0
A/KENTUCKY/01/2005,A/ENGLAND/333/80,256.0
A/KENTUCKY/02/2006,A/USSR/90/77,256.0
A/KENTUCKY/02/2006,A/ENGLAND/333/80,256.0
A/NEW_CALEDONIA/9/2004,A/USSR/90/77,256.0
A/NEW_CALEDONIA/9/2004,A/ENGLAND/333/80,256.0
A/NEW_CALEDONIA/20/1999,A/USSR/90/77,45.2548339959
A/NEW_CALEDONIA/20/1999,A/ENGLAND/333/80,256.0
A/PHILIPPINES/673/2006,A/USSR/90/77,256.0
A/PHILIPPINES/673/2006,A/ENGLAND/333/80,256.0
A/SHENZHEN/227/95,A/USSR/90/77,256.0
A/SHENZHEN/227/95,A/ENGLAND/333/80,256.0
A/SICHUAN/4/88,A/USSR/90/77,256.0
A/SICHUAN/4/88,A/ENGLAND/333/80,256.0
A/SINGAPORE/6/86,A/USSR/90/77,64.0
A/SINGAPORE/6/86,A/ENGLAND/333/80,256.0
A/SINGAPORE/14/2004,A/USSR/90/77,256.0
A/SINGAPORE/14/2004,A/ENGLAND/333/80,256.0
A/SOLOMON_ISLANDS/03/2006,A/USSR/90/77,256.0
A/SOLOMON_ISLANDS/03/2006,A/ENGLAND/333/80,256.0
A/SOUTH_DAKOTA/06/2007,A/USSR/90/77,256.0
A/SOUTH_DAKOTA/06/2007,A/ENGLAND/333/80,256.0
A/TAIWAN/1/86,A/USSR/90/77,45.2548339959
A/TAIWAN/1/86,A/ENGLAND/333/80,256.0
A/TEXAS/36/91,A/USSR/90/77,90.5096679919
A/TEXAS/36/91,A/ENGLAND/333/80,256.0
A/USSR/90/77,A/VICTORIA/500/2006,256.0
A/USSR/90/77,A/VIRGINIA/01/2006,256.0
A/USSR/90/77,A/CHILE/4795/2000,256.0
A/USSR/90/77,A/FUJIAN/156/2000,256.0
A/USSR/90/77,A/HONG_KONG/1870/2008,256.0
A/USSR/90/77,A/MALAYSIA/100/2006,256.0
A/USSR/90/77,A/MOSCOW/13/98,256.0
A/USSR/90/77,A/NEIMENGGU/52/2002,256.0
A/VICTORIA/500/2006,A/ENGLAND/333/80,256.0
A/VIRGINIA/01/2006,A/ENGLAND/333/80,256.0
A/ENGLAND/333/80,A/CHILE/4795/2000,256.0
A/ENGLAND/333/80,A/FUJIAN/156/2000,256.0
A/ENGLAND/333/80,A/HONG_KONG/1870/2008,256.0
A/ENGLAND/333/80,A/MALAYSIA/100/2006,256.0
A/ENGLAND/333/80,A/MOSCOW/13/98,256.0
A/ENGLAND/333/80,A/NEIMENGGU/52/2002,256.0
A/USSR/90/77,A/TEXAS/29/82,11.313708499
A/BRAZIL/11/78,A/TEXAS/29/82,16.0
A/LACKLAND/3/78,A/TEXAS/29/82,2.0
A/ENGLAND/333/80,A/TEXAS/29/82,5.65685424949
A/INDIA/6263/80,A/TEXAS/29/82,5.65685424949
A/BEIJING/262/1995,A/NEW_CALEDONIA/20/1999,4.0
A/BEIJING/262/1995,A/EGYPT/96/2002,5.65685424949
A/BEIJING/262/1995,A/CHILE/8885/2002,5.65685424949
A/BEIJING/262/1995,A/HUNGARY/2/03,8.0
A/NEW_CALEDONIA/20/1999,A/EGYPT/96/2002,1.41421356237
A/NEW_CALEDONIA/20/1999,A/CHILE/8885/2002,1.41421356237
A/NEW_CALEDONIA/20/1999,A/HUNGARY/2/03,2.0
A/EGYPT/96/2002,A/CHILE/8885/2002,2.0
A/EGYPT/96/2002,A/HUNGARY/2/03,2.0
A/CHILE/8885/2002,A/HUNGARY/2/03,1.41421356237
A/BAYERN/07/95,A/BEIJING/262/1995,11.313708499
A/BAYERN/07/95,A/NEW_CALEDONIA/20/1999,16.0
A/BAYERN/07/95,A/MADAGASCAR/57794/00,22.627416998
A/BAYERN/07/95,A/EGYPT/96/2002,45.2548339959
A/BEIJING/262/1995,A/MADAGASCAR/57794/00,2.82842712475
A/NEW_CALEDONIA/20/1999,A/MADAGASCAR/57794/00,1.41421356237
A/MADAGASCAR/57794/00,A/EGYPT/96/2002,2.0
A/CHILE/1/83,A/SINGAPORE/6/86,128.0
A/BEIJING/262/1995,A/SHENZHEN/227/95,22.627416998
A/CHILE/1/83,A/TAIWAN/1/86,32.0
A/CHILE/1/83,A/VICTORIA/36/88,45.2548339959
A/SINGAPORE/6/86,A/TAIWAN/1/86,2.0
A/SINGAPORE/6/86,A/VICTORIA/36/88,2.82842712475
A/TAIWAN/1/86,A/VICTORIA/36/88,1.41421356237
A/SOLOMON_ISLANDS/03/2006,A/BRISBANE/59/2007,2.82842712475
A/SOLOMON_ISLANDS/03/2006,A/SOUTH_DAKOTA/06/2007,2.82842712475
A/SOLOMON_ISLANDS/03/2006,A/HONG_KONG/2652/2006,2.0
A/SOLOMON_ISLANDS/03/2006,A/PERTH/200/2008,2.0
A/SOLOMON_ISLANDS/03/2006,A/HONG_KONG/1870/2008,2.82842712475
A/BRISBANE/59/2007,A/SOUTH_DAKOTA/06/2007,1.0
A/BRISBANE/59/2007,A/HONG_KONG/2652/2006,2.0
A/BRISBANE/59/2007,A/PERTH/200/2008,1.41421356237
A/BRISBANE/59/2007,A/HONG_KONG/1870/2008,2.0
A/SOUTH_DAKOTA/06/2007,A/HONG_KONG/2652/2006,2.82842712475
A/SOUTH_DAKOTA/06/2007,A/PERTH/200/2008,1.41421356237
A/SOUTH_DAKOTA/06/2007,A/HONG_KONG/1870/2008,2.0
A/HONG_KONG/2652/2006,A/PERTH/200/2008,1.41421356237
A/HONG_KONG/2652/2006,A/HONG_KONG/1870/2008,2.0
A/PERTH/200/2008,A/HONG_KONG/1870/2008,1.0
A/BEIJING/262/1995,A/FUJIAN/156/2000,4.0
A/BEIJING/262/1995,A/NEIMENGGU/52/2002,4.0
A/BEIJING/262/1995,A/PERU/3135/2003,8.0
A/NEW_CALEDONIA/20/1999,A/FUJIAN/156/2000,1.0
A/NEW_CALEDONIA/20/1999,A/NEIMENGGU/52/2002,1.41421356237
A/NEW_CALEDONIA/20/1999,A/PERU/3135/2003,8.0
A/FUJIAN/156/2000,A/NEIMENGGU/52/2002,1.41421356237
A/FUJIAN/156/2000,A/CHILE/8885/2002,2.0
A/FUJIAN/156/2000,A/PERU/3135/2003,8.0
A/NEIMENGGU/52/2002,A/CHILE/8885/2002,2.0
A/NEIMENGGU/52/2002,A/PERU/3135/2003,16.0
A/CHILE/8885/2002,A/PERU/3135/2003,32.0
A/BEIJING/262/1995,A/KENTUCKY/01/2005,2.82842712475
A/BEIJING/262/1995,A/JIANGXI/160/2005,22.627416998
A/NEW_CALEDONIA/20/1999,A/KENTUCKY/01/2005,2.0
A/NEW_CALEDONIA/20/1999,A/JIANGXI/160/2005,8.0
A/NEIMENGGU/52/2002,A/KENTUCKY/01/2005,1.41421356237
A/NEIMENGGU/52/2002,A/JIANGXI/160/2005,8.0
A/KENTUCKY/01/2005,A/JIANGXI/160/2005,16.0
A/HONG_KONG/470/1997,A/VIETNAM/HN719/2003,1.0
A/HONG_KONG/470/1997,A/VIETNAM/ISBM27/2005,5.65685424949
A/HONG_KONG/470/1997,A/VIETNAM/ISBM15/2005,8.0
A/VIETNAM/HN719/2003,A/VIETNAM/ISBM27/2005,16.0
A/VIETNAM/HN719/2003,A/VIETNAM/ISBM15/2005,4.0
A/VIETNAM/ISBM27/2005,A/VIETNAM/ISBM15/2005,2.0
A/NEW_CALEDONIA/20/1999,A/KENTUCKY/02/2006,0.707106781187
A/NEW_CALEDONIA/20/1999,A/VIRGINIA/01/2006,1.0
A/NEW_CALEDONIA/20/1999,A/ST._PETERSBURG/08/2006,0.707106781187
A/NEW_CALEDONIA/20/1999,A/HONG_KONG/2652/2006,11.313708499
A/NEW_CALEDONIA/20/1999,A/SOLOMON_ISLANDS/03/2006,2.82842712475
A/KENTUCKY/02/2006,A/VIRGINIA/01/2006,1.0
A/KENTUCKY/02/2006,A/ST._PETERSBURG/08/2006,1.0
A/KENTUCKY/02/2006,A/HONG_KONG/2652/2006,8.0
A/KENTUCKY/02/2006,A/SOLOMON_ISLANDS/03/2006,4.0
A/VIRGINIA/01/2006,A/ST._PETERSBURG/08/2006,1.0
A/VIRGINIA/01/2006,A/HONG_KONG/2652/2006,8.0
A/VIRGINIA/01/2006,A/SOLOMON_ISLANDS/03/2006,2.0
A/ST._PETERSBURG/08/2006,A/HONG_KONG/2652/2006,8.0
A/ST._PETERSBURG/08/2006,A/SOLOMON_ISLANDS/03/2006,5.65685424949
A/HONG_KONG/2652/2006,A/SOLOMON_ISLANDS/03/2006,2.0
A/NEW_CALEDONIA/20/1999,A/SOLOMON_ISLANDS/03/2006_EGG_PASSAGE,4.0
A/NEW_CALEDONIA/20/1999,A/BRISBANE/59/2007,5.65685424949
A/NEW_CALEDONIA/20/1999,A/SOUTH_DAKOTA/06/2007,5.65685424949
A/NEW_CALEDONIA/20/1999,A/FUKUSHIMA/141/2006,5.65685424949
A/NEW_CALEDONIA/20/1999,A/CAMBODIA/0371/2007,16.0
A/SOLOMON_ISLANDS/03/2006_EGG_PASSAGE,A/BRISBANE/59/2007,2.82842712475
A/SOLOMON_ISLANDS/03/2006_EGG_PASSAGE,A/SOUTH_DAKOTA/06/2007,4.0
A/SOLOMON_ISLANDS/03/2006_EGG_PASSAGE,A/FUKUSHIMA/141/2006,2.82842712475
A/SOLOMON_ISLANDS/03/2006_EGG_PASSAGE,A/HONG_KONG/2652/2006,4.0
A/SOLOMON_ISLANDS/03/2006_EGG_PASSAGE,A/CAMBODIA/0371/2007,5.65685424949
A/BRISBANE/59/2007,A/FUKUSHIMA/141/2006,1.41421356237
A/BRISBANE/59/2007,A/CAMBODIA/0371/2007,2.82842712475
A/SOUTH_DAKOTA/06/2007,A/FUKUSHIMA/141/2006,1.0
A/SOUTH_DAKOTA/06/2007,A/CAMBODIA/0371/2007,2.82842712475
A/FUKUSHIMA/141/2006,A/HONG_KONG/2652/2006,2.0
A/FUKUSHIMA/141/2006,A/CAMBODIA/0371/2007,2.0
A/HONG_KONG/2652/2006,A/CAMBODIA/0371/2007,0.707106781187
A/FLORIDA/03/2006,A/SOLOMON_ISLANDS/03/2006,22.627416998
A/FLORIDA/03/2006,A/BRISBANE/59/2007,22.627416998
A/FLORIDA/03/2006,A/BRISBANE/59/2007_IVR-148,32.0
A/FLORIDA/03/2006,A/SOUTH_DAKOTA/06/2007,22.627416998
A/FLORIDA/03/2006,A/HONG_KONG/2652/2006,32.0
A/FLORIDA/03/2006,A/PERTH/200/2008,45.2548339959
A/FLORIDA/03/2006,A/HONG_KONG/1870/2008,32.0
A/SOLOMON_ISLANDS/03/2006,A/BRISBANE/59/2007_IVR-148,2.0
A/BRISBANE/59/2007,A/BRISBANE/59/2007_IVR-148,1.41421356237
A/BRISBANE/59/2007_IVR-148,A/SOUTH_DAKOTA/06/2007,1.0
A/BRISBANE/59/2007_IVR-148,A/HONG_KONG/2652/2006,2.0
A/BRISBANE/59/2007_IVR-148,A/PERTH/200/2008,2.0
A/BRISBANE/59/2007_IVR-148,A/HONG_KONG/1870/2008,2.0
A/TEXAS/36/91,A/JOHANNESBURG/82/96,5.65685424949
A/TEXAS/36/91,A/BEIJING/262/1995,16.0
A/TEXAS/36/91,A/PHILIPPINES/8/98,32.0
A/TEXAS/36/91,A/NEW_CALEDONIA/20/1999,64.0
A/JOHANNESBURG/82/96,A/BEIJING/262/1995,11.313708499
A/JOHANNESBURG/82/96,A/PHILIPPINES/8/98,11.313708499
A/JOHANNESBURG/82/96,A/NEW_CALEDONIA/20/1999,22.627416998
A/BEIJING/262/1995,A/PHILIPPINES/8/98,1.0
A/PHILIPPINES/8/98,A/NEW_CALEDONIA/20/1999,8.0
A/BEIJING/262/1995,A/JOHANNESBURG/82/96,22.627416998
A/BEIJING/262/1995,A/MOSCOW/13/98,32.0
A/NEW_CALEDONIA/20/1999,A/JOHANNESBURG/82/96,64.0
A/NEW_CALEDONIA/20/1999,A/MOSCOW/13/98,45.2548339959
A/JOHANNESBURG/82/96,A/MOSCOW/13/98,1.0
A/BEIJING/262/1995,A/HONG_KONG/1252/00,11.313708499
A/BEIJING/262/1995,A/CHILE/4795/2000,64.0
A/NEW_CALEDONIA/20/1999,A/HONG_KONG/1252/00,4.0
A/NEW_CALEDONIA/20/1999,A/CHILE/4795/2000,32.0
A/HONG_KONG/1252/00,A/JOHANNESBURG/82/96,90.5096679919
A/HONG_KONG/1252/00,A/CHILE/4795/2000,64.0
A/JOHANNESBURG/82/96,A/CHILE/4795/2000,2.0
A/FUJIAN/156/2000,A/JOHANNESBURG/82/96,64.0
A/FUJIAN/156/2000,A/CHILE/4795/2000,64.0
A/BAYERN/07/95,A/JOHANNESBURG/82/96,0.5
A/BAYERN/07/95,A/FUJIAN/156/2000,128.0
A/JOHANNESBURG/82/96,A/FUJIAN/156/2000,128.0
A/CHILE/8885/2002,A/NEIMENGGU/52/2002,2.0
A/PERU/3135/2003,A/NEIMENGGU/52/2002,11.313708499
A/BAYERN/07/95,A/ENGLAND/2/2002,22.627416998
A/NEW_CALEDONIA/20/1999,A/ENGLAND/2/2002,0.0883883476483
A/WISCONSIN/10/1998,A/TEXAS/14/2008,2.82842712475
A/WISCONSIN/10/1998,A/ILLINOIS/09/2007,2.0
A/WISCONSIN/10/1998,A/IOWA/02/2009,2.82842712475
A/WISCONSIN/10/1998,A/CALIFORNIA/07/2009,4.0
A/WISCONSIN/10/1998,A/MEXICO/4108/2009,2.0
A/WISCONSIN/10/1998,A/NEW_YORK/18/2009,2.0
A/WISCONSIN/10/1998,A/TEXAS/15/2009,2.0
A/TEXAS/14/2008,A/ILLINOIS/09/2007,2.0
A/TEXAS/14/2008,A/IOWA/02/2009,1.41421356237
A/TEXAS/14/2008,A/CALIFORNIA/07/2009,1.41421356237
A/TEXAS/14/2008,A/MEXICO/4108/2009,0.707106781187
A/TEXAS/14/2008,A/NEW_YORK/18/2009,1.41421356237
A/TEXAS/14/2008,A/TEXAS/15/2009,0.5
A/ILLINOIS/09/2007,A/IOWA/02/2009,1.0
A/ILLINOIS/09/2007,A/CALIFORNIA/07/2009,2.0
A/ILLINOIS/09/2007,A/MEXICO/4108/2009,1.0
A/ILLINOIS/09/2007,A/NEW_YORK/18/2009,2.0
A/ILLINOIS/09/2007,A/TEXAS/15/2009,1.41421356237
A/CALIFORNIA/04/2009,A/BRISBANE/59/2007,45.2548339959
A/CALIFORNIA/07/2009,A/BRISBANE/59/2007,45.2548339959
A/CALIFORNIA/07/2009_X_179A,A/BRISBANE/59/2007,45.2548339959
A/CALIFORNIA/07/2009_IVR153,A/BRISBANE/59/2007,22.627416998
A/ENGLAND/195/2009,A/BRISBANE/59/2007,32.0
A/AUCKLAND/3/2009,A/BRISBANE/59/2007,45.2548339959
A/NARITA/1/2009,A/BRISBANE/59/2007,64.0
A/BRISBANE/59/2007,A/CALIFORNIA/07/2009,181.019335984
A/BRISBANE/59/2007,A/NARITA/1/2009,256.0
A/MEXICO/4108/2009,A/BRISBANE/59/2007,128.0
A/NEW_YORK/18/2009,A/BRISBANE/59/2007,128.0
A/TEXAS/05/2009,A/BRISBANE/59/2007,128.0
A/TEXAS/5/2009_XPR8-IDCDC,A/BRISBANE/59/2007,90.5096679919
A/TEXAS/5/2009_RG15,A/BRISBANE/59/2007,90.5096679919
A/AUCKLAND/1/2009,A/BRISBANE/59/2007,181.019335984
A/ILLINOIS/13/2007,A/CALIFORNIA/07/2009,1.0
A/ILLINOIS/13/2007,A/ENGLAND/195/2009,1.41421356237
A/ILLINOIS/13/2007,A/PHILIPPINES/2810/2009,64.0
A/ILLINOIS/13/2007,A/IRAQ/8529/2009,22.627416998
A/ILLINOIS/13/2007,A/SOUTH_CAROLINA/18/2009,22.627416998
A/BRISBANE/59/2007,A/BRAZIL/5943/2008,2.0
A/BRISBANE/59/2007,A/PENNSYLVANIA/08/2008,2.82842712475
A/BRAZIL/5943/2008,A/PENNSYLVANIA/08/2008,5.65685424949
A/BRAZIL/5943/2008,A/HONG_KONG/1870/2008,5.65685424949
A/PENNSYLVANIA/08/2008,A/HONG_KONG/1870/2008,5.33333333333
A/ILLINOIS/13/2007,A/SOUTH_CAROLINA/02/2010,1.41421356237
A/ILLINOIS/13/2007,A/BRISBANE/10/2010,2.82842712475
A/BEIJING/262/1995,A/BAYERN/07/95,32.0
A/NEW_CALEDONIA/20/1999,A/BAYERN/07/95,64.0
A/NEW_CALEDONIA/20/1999,A/HONG_KONG/2637/2004,1.0
A/NEW_CALEDONIA/20/1999,A/NETHERLANDS/128/2004,2.82842712475
A/EGYPT/96/2002,A/HONG_KONG/2637/2004,1.0
A/EGYPT/96/2002,A/NETHERLANDS/128/2004,2.82842712475
A/CHILE/8885/2002,A/HONG_KONG/2637/2004,1.41421356237
A/CHILE/8885/2002,A/NETHERLANDS/128/2004,4.0
A/HONG_KONG/2637/2004,A/NETHERLANDS/128/2004,2.0
A/NEW_CALEDONIA/20/1999,A/NETHERLANDS/345/2007,11.313708499
A/NEW_CALEDONIA/20/1999,A/ST._PETERSBURG/12/2008,16.0
A/NEW_CALEDONIA/20/1999,A/HONG_KONG/1856/2008,11.313708499
A/NEW_CALEDONIA/20/1999,A/SEYCHELLES/2239/2008,8.0
A/NEW_CALEDONIA/20/1999,A/HONG_KONG/1870/2008,32.0
A/HONG_KONG/2652/2006,A/NETHERLANDS/345/2007,4.0
A/HONG_KONG/2652/2006,A/BRISBANE/59/2007,2.0
A/HONG_KONG/2652/2006,A/ST._PETERSBURG/12/2008,2.82842712475
A/HONG_KONG/2652/2006,A/HONG_KONG/1856/2008,2.82842712475
A/HONG_KONG/2652/2006,A/SEYCHELLES/2239/2008,2.82842712475
A/SOLOMON_ISLANDS/03/2006,A/NETHERLANDS/345/2007,2.0
A/SOLOMON_ISLANDS/03/2006,A/ST._PETERSBURG/12/2008,2.82842712475
A/SOLOMON_ISLANDS/03/2006,A/HONG_KONG/1856/2008,4.0
A/SOLOMON_ISLANDS/03/2006,A/SEYCHELLES/2239/2008,2.0
A/NETHERLANDS/345/2007,A/BRISBANE/59/2007,4.0
A/NETHERLANDS/345/2007,A/ST._PETERSBURG/12/2008,4.0
A/NETHERLANDS/345/2007,A/HONG_KONG/1856/2008,2.0
A/NETHERLANDS/345/2007,A/SEYCHELLES/2239/2008,1.41421356237
A/NETHERLANDS/345/2007,A/HONG_KONG/1870/2008,8.0
A/BRISBANE/59/2007,A/ST._PETERSBURG/12/2008,1.41421356237
A/BRISBANE/59/2007,A/HONG_KONG/1856/2008,8.0
A/BRISBANE/59/2007,A/SEYCHELLES/2239/2008,2.82842712475
A/ST._PETERSBURG/12/2008,A/HONG_KONG/1856/2008,8.0
A/ST._PETERSBURG/12/2008,A/SEYCHELLES/2239/2008,2.82842712475
A/ST._PETERSBURG/12/2008,A/HONG_KONG/1870/2008,2.0
A/HONG_KONG/1856/2008,A/SEYCHELLES/2239/2008,1.41421356237
A/HONG_KONG/1856/2008,A/HONG_KONG/1870/2008,2.82842712475
A/SEYCHELLES/2239/2008,A/HONG_KONG/1870/2008,2.82842712475
A/NEW_CALEDONIA/20/1999,A/MOSCOW/2/2009,5.65685424949
A/NEW_CALEDONIA/20/1999,A/HONG_KONG/1988/2009,8.0
A/HONG_KONG/2652/2006,A/MOSCOW/2/2009,5.65685424949
A/HONG_KONG/2652/2006,A/HONG_KONG/1988/2009,2.82842712475
A/SOLOMON_ISLANDS/03/2006,A/MOSCOW/2/2009,4.0
A/SOLOMON_ISLANDS/03/2006,A/HONG_KONG/1988/2009,5.65685424949
A/BRISBANE/59/2007,A/MOSCOW/2/2009,8.0
A/BRISBANE/59/2007,A/HONG_KONG/1988/2009,4.0
A/ST._PETERSBURG/12/2008,A/MOSCOW/2/2009,5.65685424949
A/ST._PETERSBURG/12/2008,A/HONG_KONG/1988/2009,2.82842712475
A/SEYCHELLES/2239/2008,A/HONG_KONG/1856/2008,1.41421356237
A/SEYCHELLES/2239/2008,A/MOSCOW/2/2009,1.41421356237
A/SEYCHELLES/2239/2008,A/HONG_KONG/1988/2009,2.0
A/HONG_KONG/1856/2008,A/MOSCOW/2/2009,2.82842712475
A/HONG_KONG/1856/2008,A/HONG_KONG/1988/2009,2.0
A/HONG_KONG/1870/2008,A/MOSCOW/2/2009,5.65685424949
A/HONG_KONG/1870/2008,A/HONG_KONG/1988/2009,2.82842712475
A/NEW_CALEDONIA/20/1999,A/THESSALONIKI/24/2005,2.82842712475
A/EGYPT/96/2002,A/THESSALONIKI/24/2005,2.82842712475
A/HONG_KONG/2637/2004,A/THESSALONIKI/24/2005,2.82842712475
A/NETHERLANDS/128/2004,A/THESSALONIKI/24/2005,1.0
A/NEW_CALEDONIA/20/1999,A/EGYPT/39/2005,1.0
A/NEW_CALEDONIA/20/1999,A/FUKUSHIMA/97/2006,11.313708499
A/THESSALONIKI/24/2005,A/EGYPT/39/2005,1.41421356237
A/THESSALONIKI/24/2005,A/FUKUSHIMA/97/2006,11.313708499
A/THESSALONIKI/24/2005,A/HONG_KONG/2652/2006,16.0
A/THESSALONIKI/24/2005,A/SOLOMON_ISLANDS/03/2006,4.0
A/THESSALONIKI/24/2005,A/FUKUSHIMA/141/2006,8.0
A/EGYPT/39/2005,A/FUKUSHIMA/97/2006,8.0
A/EGYPT/39/2005,A/HONG_KONG/2652/2006,16.0
A/EGYPT/39/2005,A/SOLOMON_ISLANDS/03/2006,4.0
A/EGYPT/39/2005,A/FUKUSHIMA/141/2006,2.82842712475
A/FUKUSHIMA/97/2006,A/HONG_KONG/2652/2006,1.41421356237
A/FUKUSHIMA/97/2006,A/SOLOMON_ISLANDS/03/2006,1.0
A/FUKUSHIMA/97/2006,A/FUKUSHIMA/141/2006,1.41421356237
A/HONG_KONG/2652/2006,A/FUKUSHIMA/141/2006,1.41421356237
A/SOLOMON_ISLANDS/03/2006,A/FUKUSHIMA/141/2006,0.707106781187
A/NEW_CALEDONIA/20/1999,A/EGYPT/10/2007,8.0
A/THESSALONIKI/24/2005,A/NETHERLANDS/345/2007,8.0
A/THESSALONIKI/24/2005,A/EGYPT/10/2007,16.0
A/THESSALONIKI/24/2005,A/BRISBANE/59/2007,16.0
A/HONG_KONG/2652/2006,A/EGYPT/10/2007,2.0
A/FUKUSHIMA/141/2006,A/SOLOMON_ISLANDS/03/2006,1.41421356237
A/FUKUSHIMA/141/2006,A/NETHERLANDS/345/2007,5.65685424949
A/FUKUSHIMA/141/2006,A/EGYPT/10/2007,1.41421356237
A/FUKUSHIMA/141/2006,A/BRISBANE/59/2007,1.41421356237
A/SOLOMON_ISLANDS/03/2006,A/EGYPT/10/2007,2.82842712475
A/NETHERLANDS/345/2007,A/EGYPT/10/2007,5.65685424949
A/EGYPT/10/2007,A/BRISBANE/59/2007,1.0
A/NEW_CALEDONIA/20/1999,A/ST._PETERSBURG/5/2008,5.65685424949
A/THESSALONIKI/24/2005,A/ST._PETERSBURG/5/2008,16.0
A/HONG_KONG/2652/2006,A/ST._PETERSBURG/5/2008,1.0
A/SOLOMON_ISLANDS/03/2006,A/ST._PETERSBURG/5/2008,0.5
A/FUKUSHIMA/141/2006,A/ST._PETERSBURG/5/2008,1.41421356237
A/NETHERLANDS/345/2007,A/ST._PETERSBURG/5/2008,2.0
A/BRISBANE/59/2007,A/EGYPT/10/2007,1.0
A/BRISBANE/59/2007,A/ST._PETERSBURG/5/2008,1.0
A/EGYPT/10/2007,A/ST._PETERSBURG/5/2008,0.707106781187
A/THESSALONIKI/24/2005,A/ST._PETERSBURG/12/2008,5.05964425627
A/EGYPT/10/2007,A/ST._PETERSBURG/12/2008,0.316227766017
A/ST._PETERSBURG/5/2008,A/ST._PETERSBURG/12/2008,0.316227766017
A/OHIO/2/2007,A/CALIFORNIA/04/2009,0.707106781187
A/OHIO/2/2007,A/CALIFORNIA/07/2009,0.5
A/OHIO/2/2007,A/ENGLAND/195/2009,0.353553390593
A/OHIO/2/2007,A/AUCKLAND/3/2009,0.5
A/OHIO/2/2007,A/NARITA/1/2009,0.5
A/OHIO/2/2007,A/BRISBANE/59/2007,32.0
A/NETHERLANDS/345/2007,A/MOSCOW/2/2009,2.0
A/NETHERLANDS/345/2007,A/HONG_KONG/1988/2009,5.65685424949
A/NEW_CALEDONIA/20/1999,A/FLORIDA/13/07,4.0
A/SOLOMON_ISLANDS/03/2006,A/CAMBODIA/0371/2007,4.0
A/SOLOMON_ISLANDS/03/2006,A/FLORIDA/13/07,1.0
A/BRISBANE/59/2007,A/FLORIDA/13/07,1.0
A/SOUTH_DAKOTA/06/2007,A/FLORIDA/13/07,1.0
A/FUKUSHIMA/141/2006,A/FLORIDA/13/07,1.0
A/CAMBODIA/0371/2007,A/FLORIDA/13/07,0.707106781187
A/WUHAN/371/95,A/BAYERN/07/95,16.0
A/WUHAN/371/95,A/NEW_CALEDONIA/20/1999,22.627416998
A/CHILE/1/83,A/TEXAS/36/91,45.2548339959
A/CHILE/1/83,A/BAYERN/07/95,45.2548339959
A/CHILE/1/83,A/NEW_CALEDONIA/20/1999,22.627416998
A/SINGAPORE/6/86,A/TEXAS/36/91,1.41421356237
A/SINGAPORE/6/86,A/BAYERN/07/95,2.0
A/SINGAPORE/6/86,A/NEW_CALEDONIA/20/1999,45.2548339959
A/TAIWAN/1/86,A/TEXAS/36/91,1.41421356237
A/TAIWAN/1/86,A/BAYERN/07/95,1.41421356237
A/TAIWAN/1/86,A/NEW_CALEDONIA/20/1999,32.0
A/TEXAS/36/91,A/BAYERN/07/95,1.41421356237
A/BAYERN/07/95,A/WUHAN/371/95,16.0
A/JOHANNESBURG/82/96,A/WUHAN/371/95,10.5830052443
A/WUHAN/371/95,A/BEIJING/262/1995,1.0
A/TAIWAN/1/86,A/WUHAN/371/95,45.2548339959
A/TEXAS/36/91,A/WUHAN/371/95,32.0
A/SINGAPORE/6/86,A/SICHUAN/4/88,2.82842712475
A/TAIWAN/1/86,A/SICHUAN/4/88,2.0
A/VICTORIA/36/88,A/SICHUAN/4/88,4.0
A/NEIMENGGU/52/2002,A/JOHANNESBURG/82/96,64.0
A/CHILE/8885/2002,A/JOHANNESBURG/82/96,45.2548339959
A/FUJIAN/156/2000,A/HONG_KONG/1252/00,8.0
A/OHIO/2/2007,A/WISCONSIN/10/1998,1.41421356237
A/OHIO/2/2007,A/ILLINOIS/09/2007,1.0
A/OHIO/2/2007,A/CALIFORNIA/05/2009,1.0
A/WISCONSIN/10/1998,A/CALIFORNIA/04/2009,2.82842712475
A/WISCONSIN/10/1998,A/CALIFORNIA/05/2009,2.82842712475
A/ILLINOIS/09/2007,A/CALIFORNIA/04/2009,2.0
A/ILLINOIS/09/2007,A/CALIFORNIA/05/2009,2.0
A/WISCONSIN/10/1998,A/CALIFORNIA/08/2009,2.82842712475
A/WISCONSIN/10/1998,A/CALIFORNIA/07/2009_X_179A,2.82842712475
A/WISCONSIN/10/1998,A/TEXAS/5/2009_RG15,4.0
A/WISCONSIN/10/1998,A/MEXICO/24001/2009,2.82842712475
A/WISCONSIN/10/1998,A/BRISBANE/59/2007,128.0
A/TEXAS/14/2008,A/CALIFORNIA/08/2009,1.0
A/TEXAS/14/2008,A/CALIFORNIA/07/2009_X_179A,0.707106781187
A/TEXAS/14/2008,A/TEXAS/5/2009_RG15,2.0
A/TEXAS/14/2008,A/MEXICO/24001/2009,1.41421356237
A/TEXAS/14/2008,A/BRISBANE/59/2007,181.019335984
A/ILLINOIS/09/2007,A/CALIFORNIA/08/2009,1.41421356237
A/ILLINOIS/09/2007,A/CALIFORNIA/07/2009_X_179A,1.0
A/ILLINOIS/09/2007,A/TEXAS/5/2009_RG15,2.82842712475
A/ILLINOIS/09/2007,A/MEXICO/24001/2009,2.0
A/ILLINOIS/09/2007,A/BRISBANE/59/2007,256.0
A/CALIFORNIA/08/2009,A/BRISBANE/59/2007,181.019335984
A/TEXAS/15/2009,A/BRISBANE/59/2007,181.019335984
A/MEXICO/24001/2009,A/BRISBANE/59/2007,90.5096679919
A/CALIFORNIA/07/2009_PR8,A/BRISBANE/59/2007,90.5096679919
A/SOUTH_CAROLINA/10/2009,A/BRISBANE/59/2007,256.0
A/DELAWARE/03/2009,A/BRISBANE/59/2007,181.019335984
A/WUHAN/371/95,A/BRISBANE/59/2007,256.0
A/WUHAN/371/95,A/BRISBANE/193/2004,256.0
A/WUHAN/371/95,A/CAMBODIA/0371/2007,256.0
A/WUHAN/371/95,A/CHILE/1/83,256.0
A/WUHAN/371/95,A/FLORIDA/13/07,256.0
A/WUHAN/371/95,A/FUKUSHIMA/141/2006,256.0
A/WUHAN/371/95,A/HONG_KONG/2652/2006,256.0
A/WUHAN/371/95,A/JIANGXI/160/2005,256.0
A/WUHAN/371/95,A/JOHANNESBURG/82/96,22.627416998
A/WUHAN/371/95,A/KENTUCKY/01/2005,256.0
A/WUHAN/371/95,A/KENTUCKY/02/2006,256.0
A/WUHAN/371/95,A/NEW_CALEDONIA/9/2004,256.0
A/WUHAN/371/95,A/PHILIPPINES/673/2006,256.0
A/WUHAN/371/95,A/SHENZHEN/227/95,256.0
A/WUHAN/371/95,A/SICHUAN/4/88,256.0
A/WUHAN/371/95,A/SINGAPORE/6/86,256.0
A/WUHAN/371/95,A/SINGAPORE/14/2004,256.0
A/WUHAN/371/95,A/SOLOMON_ISLANDS/03/2006,256.0
A/WUHAN/371/95,A/SOUTH_DAKOTA/06/2007,256.0
A/WUHAN/371/95,A/TAIWAN/1/86,45.2548339959
A/WUHAN/371/95,A/TEXAS/36/91,32.0
A/WUHAN/371/95,A/VICTORIA/500/2006,256.0
A/WUHAN/371/95,A/VIRGINIA/01/2006,256.0
A/WUHAN/371/95,A/CHILE/4795/2000,256.0
A/WUHAN/371/95,A/FUJIAN/156/2000,256.0
A/WUHAN/371/95,A/HONG_KONG/1870/2008,256.0
A/WUHAN/371/95,A/MALAYSIA/100/2006,256.0
A/WUHAN/371/95,A/MOSCOW/13/98,256.0
A/WUHAN/371/95,A/NEIMENGGU/52/2002,256.0
A/BAYERN/07/95,A/BRISBANE/59/2007,256.0
A/BAYERN/07/95,A/BRISBANE/193/2004,256.0
A/BAYERN/07/95,A/CAMBODIA/0371/2007,256.0
A/BAYERN/07/95,A/CHILE/1/83,45.2548339959
A/BAYERN/07/95,A/FLORIDA/13/07,256.0
A/BAYERN/07/95,A/FUKUSHIMA/141/2006,256.0
A/BAYERN/07/95,A/HONG_KONG/2652/2006,256.0
A/BAYERN/07/95,A/JIANGXI/160/2005,256.0
A/BAYERN/07/95,A/KENTUCKY/01/2005,256.0
A/BAYERN/07/95,A/KENTUCKY/02/2006,256.0
A/BAYERN/07/95,A/NEW_CALEDONIA/9/2004,256.0
A/BAYERN/07/95,A/PHILIPPINES/673/2006,256.0
A/BAYERN/07/95,A/SHENZHEN/227/95,256.0
A/BAYERN/07/95,A/SICHUAN/4/88,256.0
A/BAYERN/07/95,A/SINGAPORE/6/86,2.0
A/BAYERN/07/95,A/SINGAPORE/14/2004,256.0
A/BAYERN/07/95,A/SOLOMON_ISLANDS/03/2006,256.0
A/BAYERN/07/95,A/SOUTH_DAKOTA/06/2007,256.0
A/BAYERN/07/95,A/TAIWAN/1/86,2.0
A/BAYERN/07/95,A/TEXAS/36/91,2.0
A/BAYERN/07/95,A/VICTORIA/500/2006,256.0
A/BAYERN/07/95,A/VIRGINIA/01/2006,256.0
A/BAYERN/07/95,A/CHILE/4795/2000,256.0
A/BAYERN/07/95,A/HONG_KONG/1870/2008,256.0
A/BAYERN/07/95,A/MALAYSIA/100/2006,256.0
A/BAYERN/07/95,A/MOSCOW/13/98,256.0
A/BAYERN/07/95,A/NEIMENGGU/52/2002,256.0
A/BEIJING/262/1995,A/BRISBANE/59/2007,256.0
A/BEIJING/262/1995,A/BRISBANE/193/2004,256.0
A/BEIJING/262/1995,A/CAMBODIA/0371/2007,256.0
A/BEIJING/262/1995,A/CHILE/1/83,22.627416998
A/BEIJING/262/1995,A/FLORIDA/13/07,256.0
A/BEIJING/262/1995,A/FUKUSHIMA/141/2006,256.0
A/BEIJING/262/1995,A/HONG_KONG/2652/2006,256.0
A/BEIJING/262/1995,A/KENTUCKY/02/2006,256.0
A/BEIJING/262/1995,A/NEW_CALEDONIA/9/2004,256.0
A/BEIJING/262/1995,A/PHILIPPINES/673/2006,256.0
A/BEIJING/262/1995,A/SICHUAN/4/88,256.0
A/BEIJING/262/1995,A/SINGAPORE/6/86,45.2548339959
A/BEIJING/262/1995,A/SINGAPORE/14/2004,256.0
A/BEIJING/262/1995,A/SOLOMON_ISLANDS/03/2006,256.0
A/BEIJING/262/1995,A/SOUTH_DAKOTA/06/2007,256.0
A/BEIJING/262/1995,A/TAIWAN/1/86,22.627416998
A/BEIJING/262/1995,A/TEXAS/36/91,11.313708499
A/BEIJING/262/1995,A/VICTORIA/500/2006,256.0
A/BEIJING/262/1995,A/VIRGINIA/01/2006,256.0
A/BEIJING/262/1995,A/HONG_KONG/1870/2008,256.0
A/BEIJING/262/1995,A/MALAYSIA/100/2006,256.0
A/BRISBANE/59/2007,A/BRISBANE/193/2004,256.0
A/BRISBANE/59/2007,A/CHILE/1/83,256.0
A/BRISBANE/59/2007,A/JIANGXI/160/2005,256.0
A/BRISBANE/59/2007,A/JOHANNESBURG/82/96,256.0
A/BRISBANE/59/2007,A/KENTUCKY/01/2005,256.0
A/BRISBANE/59/2007,A/KENTUCKY/02/2006,256.0
A/BRISBANE/59/2007,A/NEW_CALEDONIA/9/2004,256.0
A/BRISBANE/59/2007,A/NEW_CALEDONIA/20/1999,5.65685424949
A/BRISBANE/59/2007,A/PHILIPPINES/673/2006,256.0
A/BRISBANE/59/2007,A/SHENZHEN/227/95,256.0
A/BRISBANE/59/2007,A/SICHUAN/4/88,256.0
A/BRISBANE/59/2007,A/SINGAPORE/6/86,256.0
A/BRISBANE/59/2007,A/SINGAPORE/14/2004,256.0
A/BRISBANE/59/2007,A/SOLOMON_ISLANDS/03/2006,2.82842712475
A/BRISBANE/59/2007,A/TAIWAN/1/86,256.0
A/BRISBANE/59/2007,A/TEXAS/36/91,256.0
A/BRISBANE/59/2007,A/VICTORIA/500/2006,256.0
A/BRISBANE/59/2007,A/VIRGINIA/01/2006,256.0
A/BRISBANE/59/2007,A/CHILE/4795/2000,256.0
A/BRISBANE/59/2007,A/FUJIAN/156/2000,256.0
A/BRISBANE/59/2007,A/MALAYSIA/100/2006,256.0
A/BRISBANE/59/2007,A/MOSCOW/13/98,256.0
A/BRISBANE/59/2007,A/NEIMENGGU/52/2002,256.0
A/BRISBANE/193/2004,A/CAMBODIA/0371/2007,256.0
A/BRISBANE/193/2004,A/CHILE/1/83,256.0
A/BRISBANE/193/2004,A/FLORIDA/13/07,256.0
A/BRISBANE/193/2004,A/FUKUSHIMA/141/2006,32.0
A/BRISBANE/193/2004,A/HONG_KONG/2652/2006,16.0
A/BRISBANE/193/2004,A/JIANGXI/160/2005,256.0
A/BRISBANE/193/2004,A/JOHANNESBURG/82/96,256.0
A/BRISBANE/193/2004,A/KENTUCKY/01/2005,256.0
A/BRISBANE/193/2004,A/KENTUCKY/02/2006,256.0
A/BRISBANE/193/2004,A/NEW_CALEDONIA/9/2004,1.41421356237
A/BRISBANE/193/2004,A/NEW_CALEDONIA/20/1999,2.82842712475
A/BRISBANE/193/2004,A/PHILIPPINES/673/2006,8.0
A/BRISBANE/193/2004,A/SHENZHEN/227/95,256.0
A/BRISBANE/193/2004,A/SICHUAN/4/88,256.0
A/BRISBANE/193/2004,A/SINGAPORE/6/86,256.0
A/BRISBANE/193/2004,A/SINGAPORE/14/2004,1.41421356237
A/BRISBANE/193/2004,A/SOLOMON_ISLANDS/03/2006,5.65685424949
A/BRISBANE/193/2004,A/SOUTH_DAKOTA/06/2007,256.0
A/BRISBANE/193/2004,A/TAIWAN/1/86,256.0
A/BRISBANE/193/2004,A/TEXAS/36/91,256.0
A/BRISBANE/193/2004,A/VICTORIA/500/2006,2.0
A/BRISBANE/193/2004,A/VIRGINIA/01/2006,256.0
A/BRISBANE/193/2004,A/CHILE/4795/2000,256.0
A/BRISBANE/193/2004,A/FUJIAN/156/2000,256.0
A/BRISBANE/193/2004,A/HONG_KONG/1870/2008,256.0
A/BRISBANE/193/2004,A/MALAYSIA/100/2006,2.0
A/BRISBANE/193/2004,A/MOSCOW/13/98,256.0
A/BRISBANE/193/2004,A/NEIMENGGU/52/2002,256.0
A/CAMBODIA/0371/2007,A/CHILE/1/83,256.0
A/CAMBODIA/0371/2007,A/FUKUSHIMA/141/2006,2.0
A/CAMBODIA/0371/2007,A/HONG_KONG/2652/2006,1.41421356237
A/CAMBODIA/0371/2007,A/JIANGXI/160/2005,256.0
A/CAMBODIA/0371/2007,A/JOHANNESBURG/82/96,256.0
A/CAMBODIA/0371/2007,A/KENTUCKY/01/2005,256.0
A/CAMBODIA/0371/2007,A/KENTUCKY/02/2006,256.0
A/CAMBODIA/0371/2007,A/NEW_CALEDONIA/9/2004,256.0
A/CAMBODIA/0371/2007,A/NEW_CALEDONIA/20/1999,11.313708499
A/CAMBODIA/0371/2007,A/PHILIPPINES/673/2006,256.0
A/CAMBODIA/0371/2007,A/SHENZHEN/227/95,256.0
A/CAMBODIA/0371/2007,A/SICHUAN/4/88,256.0
A/CAMBODIA/0371/2007,A/SINGAPORE/6/86,256.0
A/CAMBODIA/0371/2007,A/SINGAPORE/14/2004,256.0
A/CAMBODIA/0371/2007,A/SOLOMON_ISLANDS/03/2006,4.0
A/CAMBODIA/0371/2007,A/SOUTH_DAKOTA/06/2007,2.82842712475
A/CAMBODIA/0371/2007,A/TAIWAN/1/86,256.0
A/CAMBODIA/0371/2007,A/TEXAS/36/91,256.0
A/CAMBODIA/0371/2007,A/VICTORIA/500/2006,256.0
A/CAMBODIA/0371/2007,A/VIRGINIA/01/2006,256.0
A/CAMBODIA/0371/2007,A/CHILE/4795/2000,256.0
A/CAMBODIA/0371/2007,A/FUJIAN/156/2000,256.0
A/CAMBODIA/0371/2007,A/HONG_KONG/1870/2008,256.0
A/CAMBODIA/0371/2007,A/MALAYSIA/100/2006,256.0
A/CAMBODIA/0371/2007,A/MOSCOW/13/98,256.0
A/CAMBODIA/0371/2007,A/NEIMENGGU/52/2002,256.0
A/CHILE/1/83,A/FLORIDA/13/07,256.0
A/CHILE/1/83,A/FUKUSHIMA/141/2006,256.0
A/CHILE/1/83,A/HONG_KONG/2652/2006,256.0
A/CHILE/1/83,A/JIANGXI/160/2005,256.0
A/CHILE/1/83,A/JOHANNESBURG/82/96,256.0
A/CHILE/1/83,A/KENTUCKY/01/2005,256.0
A/CHILE/1/83,A/KENTUCKY/02/2006,256.0
A/CHILE/1/83,A/NEW_CALEDONIA/9/2004,256.0
A/CHILE/1/83,A/PHILIPPINES/673/2006,256.0
A/CHILE/1/83,A/SHENZHEN/227/95,256.0
A/CHILE/1/83,A/SICHUAN/4/88,256.0
A/CHILE/1/83,A/SINGAPORE/14/2004,256.0
A/CHILE/1/83,A/SOLOMON_ISLANDS/03/2006,256.0
A/CHILE/1/83,A/SOUTH_DAKOTA/06/2007,256.0
A/CHILE/1/83,A/VICTORIA/500/2006,256.0
A/CHILE/1/83,A/VIRGINIA/01/2006,256.0
A/CHILE/1/83,A/CHILE/4795/2000,256.0
A/CHILE/1/83,A/FUJIAN/156/2000,256.0
A/CHILE/1/83,A/HONG_KONG/1870/2008,256.0
A/CHILE/1/83,A/MALAYSIA/100/2006,256.0
A/CHILE/1/83,A/MOSCOW/13/98,256.0
A/CHILE/1/83,A/NEIMENGGU/52/2002,256.0
A/FLORIDA/13/07,A/FUKUSHIMA/141/2006,2.0
A/FLORIDA/13/07,A/HONG_KONG/2652/2006,256.0
A/FLORIDA/13/07,A/JIANGXI/160/2005,256.0
A/FLORIDA/13/07,A/JOHANNESBURG/82/96,256.0
A/FLORIDA/13/07,A/KENTUCKY/01/2005,256.0
A/FLORIDA/13/07,A/KENTUCKY/02/2006,256.0
A/FLORIDA/13/07,A/NEW_CALEDONIA/9/2004,256.0
A/FLORIDA/13/07,A/NEW_CALEDONIA/20/1999,4.0
A/FLORIDA/13/07,A/PHILIPPINES/673/2006,256.0
A/FLORIDA/13/07,A/SHENZHEN/227/95,256.0
A/FLORIDA/13/07,A/SICHUAN/4/88,256.0
A/FLORIDA/13/07,A/SINGAPORE/6/86,256.0
A/FLORIDA/13/07,A/SINGAPORE/14/2004,256.0
A/FLORIDA/13/07,A/SOLOMON_ISLANDS/03/2006,1.0
A/FLORIDA/13/07,A/SOUTH_DAKOTA/06/2007,1.41421356237
A/FLORIDA/13/07,A/TAIWAN/1/86,256.0
A/FLORIDA/13/07,A/TEXAS/36/91,256.0
A/FLORIDA/13/07,A/VICTORIA/500/2006,256.0
A/FLORIDA/13/07,A/VIRGINIA/01/2006,256.0
A/FLORIDA/13/07,A/CHILE/4795/2000,256.0
A/FLORIDA/13/07,A/FUJIAN/156/2000,256.0
A/FLORIDA/13/07,A/HONG_KONG/1870/2008,256.0
A/FLORIDA/13/07,A/MALAYSIA/100/2006,256.0
A/FLORIDA/13/07,A/MOSCOW/13/98,256.0
A/FLORIDA/13/07,A/NEIMENGGU/52/2002,256.0
A/FUKUSHIMA/141/2006,A/JIANGXI/160/2005,256.0
A/FUKUSHIMA/141/2006,A/JOHANNESBURG/82/96,256.0
A/FUKUSHIMA/141/2006,A/KENTUCKY/01/2005,256.0
A/FUKUSHIMA/141/2006,A/KENTUCKY/02/2006,256.0
A/FUKUSHIMA/141/2006,A/NEW_CALEDONIA/9/2004,5.65685424949
A/FUKUSHIMA/141/2006,A/NEW_CALEDONIA/20/1999,5.65685424949
A/FUKUSHIMA/141/2006,A/PHILIPPINES/673/2006,2.82842712475
A/FUKUSHIMA/141/2006,A/SHENZHEN/227/95,256.0
A/FUKUSHIMA/141/2006,A/SICHUAN/4/88,256.0
A/FUKUSHIMA/141/2006,A/SINGAPORE/6/86,256.0
A/FUKUSHIMA/141/2006,A/SINGAPORE/14/2004,11.313708499
A/FUKUSHIMA/141/2006,A/SOUTH_DAKOTA/06/2007,1.41421356237
A/FUKUSHIMA/141/2006,A/TAIWAN/1/86,256.0
A/FUKUSHIMA/141/2006,A/TEXAS/36/91,256.0
A/FUKUSHIMA/141/2006,A/VICTORIA/500/2006,16.0
A/FUKUSHIMA/141/2006,A/VIRGINIA/01/2006,256.0
A/FUKUSHIMA/141/2006,A/CHILE/4795/2000,256.0
A/FUKUSHIMA/141/2006,A/FUJIAN/156/2000,256.0
A/FUKUSHIMA/141/2006,A/HONG_KONG/1870/2008,256.0
A/FUKUSHIMA/141/2006,A/MALAYSIA/100/2006,16.0
A/FUKUSHIMA/141/2006,A/MOSCOW/13/98,256.0
A/FUKUSHIMA/141/2006,A/NEIMENGGU/52/2002,256.0
A/HONG_KONG/2652/2006,A/JIANGXI/160/2005,256.0
A/HONG_KONG/2652/2006,A/JOHANNESBURG/82/96,256.0
A/HONG_KONG/2652/2006,A/KENTUCKY/01/2005,256.0
A/HONG_KONG/2652/2006,A/KENTUCKY/02/2006,8.0
A/HONG_KONG/2652/2006,A/NEW_CALEDONIA/9/2004,5.65685424949
A/HONG_KONG/2652/2006,A/NEW_CALEDONIA/20/1999,8.0
A/HONG_KONG/2652/2006,A/PHILIPPINES/673/2006,2.82842712475
A/HONG_KONG/2652/2006,A/SHENZHEN/227/95,256.0
A/HONG_KONG/2652/2006,A/SICHUAN/4/88,256.0
A/HONG_KONG/2652/2006,A/SINGAPORE/6/86,256.0
A/HONG_KONG/2652/2006,A/SINGAPORE/14/2004,5.65685424949
A/HONG_KONG/2652/2006,A/SOUTH_DAKOTA/06/2007,2.0
A/HONG_KONG/2652/2006,A/TAIWAN/1/86,256.0
A/HONG_KONG/2652/2006,A/TEXAS/36/91,256.0
A/HONG_KONG/2652/2006,A/VICTORIA/500/2006,11.313708499
A/HONG_KONG/2652/2006,A/VIRGINIA/01/2006,8.0
A/HONG_KONG/2652/2006,A/CHILE/4795/2000,256.0
A/HONG_KONG/2652/2006,A/FUJIAN/156/2000,256.0
A/HONG_KONG/2652/2006,A/MALAYSIA/100/2006,8.0
A/HONG_KONG/2652/2006,A/MOSCOW/13/98,256.0
A/HONG_KONG/2652/2006,A/NEIMENGGU/52/2002,256.0
A/JIANGXI/160/2005,A/JOHANNESBURG/82/96,256.0
A/JIANGXI/160/2005,A/KENTUCKY/01/2005,16.0
A/JIANGXI/160/2005,A/KENTUCKY/02/2006,256.0
A/JIANGXI/160/2005,A/NEW_CALEDONIA/9/2004,256.0
A/JIANGXI/160/2005,A/NEW_CALEDONIA/20/1999,8.0
A/JIANGXI/160/2005,A/PHILIPPINES/673/2006,256.0
A/JIANGXI/160/2005,A/SHENZHEN/227/95,256.0
A/JIANGXI/160/2005,A/SICHUAN/4/88,256.0
A/JIANGXI/160/2005,A/SINGAPORE/6/86,256.0
A/JIANGXI/160/2005,A/SINGAPORE/14/2004,256.0
A/JIANGXI/160/2005,A/SOLOMON_ISLANDS/03/2006,256.0
A/JIANGXI/160/2005,A/SOUTH_DAKOTA/06/2007,256.0
A/JIANGXI/160/2005,A/TAIWAN/1/86,256.0
A/JIANGXI/160/2005,A/TEXAS/36/91,256.0
A/JIANGXI/160/2005,A/VICTORIA/500/2006,256.0
A/JIANGXI/160/2005,A/VIRGINIA/01/2006,256.0
A/JIANGXI/160/2005,A/CHILE/4795/2000,256.0
A/JIANGXI/160/2005,A/FUJIAN/156/2000,256.0
A/JIANGXI/160/2005,A/HONG_KONG/1870/2008,256.0
A/JIANGXI/160/2005,A/MALAYSIA/100/2006,256.0
A/JIANGXI/160/2005,A/MOSCOW/13/98,256.0
A/JIANGXI/160/2005,A/NEIMENGGU/52/2002,8.0
A/JOHANNESBURG/82/96,A/KENTUCKY/01/2005,256.0
A/JOHANNESBURG/82/96,A/KENTUCKY/02/2006,256.0
A/JOHANNESBURG/82/96,A/NEW_CALEDONIA/9/2004,256.0
A/JOHANNESBURG/82/96,A/PHILIPPINES/673/2006,256.0
A/JOHANNESBURG/82/96,A/SHENZHEN/227/95,256.0
A/JOHANNESBURG/82/96,A/SICHUAN/4/88,256.0
A/JOHANNESBURG/82/96,A/SINGAPORE/6/86,256.0
A/JOHANNESBURG/82/96,A/SINGAPORE/14/2004,256.0
A/JOHANNESBURG/82/96,A/SOLOMON_ISLANDS/03/2006,256.0
A/JOHANNESBURG/82/96,A/SOUTH_DAKOTA/06/2007,256.0
A/JOHANNESBURG/82/96,A/TAIWAN/1/86,256.0
A/JOHANNESBURG/82/96,A/TEXAS/36/91,2.82842712475
A/JOHANNESBURG/82/96,A/VICTORIA/500/2006,256.0
A/JOHANNESBURG/82/96,A/VIRGINIA/01/2006,256.0
A/JOHANNESBURG/82/96,A/HONG_KONG/1870/2008,256.0
A/JOHANNESBURG/82/96,A/MALAYSIA/100/2006,256.0
A/JOHANNESBURG/82/96,A/NEIMENGGU/52/2002,64.0
A/KENTUCKY/01/2005,A/KENTUCKY/02/2006,256.0
A/KENTUCKY/01/2005,A/NEW_CALEDONIA/9/2004,256.0
A/KENTUCKY/01/2005,A/NEW_CALEDONIA/20/1999,2.82842712475
A/KENTUCKY/01/2005,A/PHILIPPINES/673/2006,256.0
A/KENTUCKY/01/2005,A/SHENZHEN/227/95,256.0
A/KENTUCKY/01/2005,A/SICHUAN/4/88,256.0
A/KENTUCKY/01/2005,A/SINGAPORE/6/86,256.0
A/KENTUCKY/01/2005,A/SINGAPORE/14/2004,256.0
A/KENTUCKY/01/2005,A/SOLOMON_ISLANDS/03/2006,256.0
A/KENTUCKY/01/2005,A/SOUTH_DAKOTA/06/2007,256.0
A/KENTUCKY/01/2005,A/TAIWAN/1/86,256.0
A/KENTUCKY/01/2005,A/TEXAS/36/91,256.0
A/KENTUCKY/01/2005,A/VICTORIA/500/2006,256.0
A/KENTUCKY/01/2005,A/VIRGINIA/01/2006,256.0
A/KENTUCKY/01/2005,A/CHILE/4795/2000,256.0
A/KENTUCKY/01/2005,A/FUJIAN/156/2000,32.0
A/KENTUCKY/01/2005,A/HONG_KONG/1870/2008,256.0
A/KENTUCKY/01/2005,A/MALAYSIA/100/2006,256.0
A/KENTUCKY/01/2005,A/MOSCOW/13/98,256.0
A/KENTUCKY/01/2005,A/NEIMENGGU/52/2002,1.41421356237
A/KENTUCKY/02/2006,A/NEW_CALEDONIA/9/2004,256.0
A/KENTUCKY/02/2006,A/NEW_CALEDONIA/20/1999,1.0
A/KENTUCKY/02/2006,A/PHILIPPINES/673/2006,256.0
A/KENTUCKY/02/2006,A/SHENZHEN/227/95,256.0
A/KENTUCKY/02/2006,A/SICHUAN/4/88,256.0
A/KENTUCKY/02/2006,A/SINGAPORE/6/86,256.0
A/KENTUCKY/02/2006,A/SINGAPORE/14/2004,256.0
A/KENTUCKY/02/2006,A/SOUTH_DAKOTA/06/2007,256.0
A/KENTUCKY/02/2006,A/TAIWAN/1/86,256.0
A/KENTUCKY/02/2006,A/TEXAS/36/91,256.0
A/KENTUCKY/02/2006,A/VICTORIA/500/2006,256.0
A/KENTUCKY/02/2006,A/CHILE/4795/2000,256.0
A/KENTUCKY/02/2006,A/FUJIAN/156/2000,256.0
A/KENTUCKY/02/2006,A/HONG_KONG/1870/2008,256.0
A/KENTUCKY/02/2006,A/MALAYSIA/100/2006,256.0
A/KENTUCKY/02/2006,A/MOSCOW/13/98,256.0
A/KENTUCKY/02/2006,A/NEIMENGGU/52/2002,256.0
A/NEW_CALEDONIA/9/2004,A/NEW_CALEDONIA/20/1999,2.0
A/NEW_CALEDONIA/9/2004,A/PHILIPPINES/673/2006,2.0
A/NEW_CALEDONIA/9/2004,A/SHENZHEN/227/95,256.0
A/NEW_CALEDONIA/9/2004,A/SICHUAN/4/88,256.0
A/NEW_CALEDONIA/9/2004,A/SINGAPORE/6/86,256.0
A/NEW_CALEDONIA/9/2004,A/SINGAPORE/14/2004,1.0
A/NEW_CALEDONIA/9/2004,A/SOLOMON_ISLANDS/03/2006,2.82842712475
A/NEW_CALEDONIA/9/2004,A/SOUTH_DAKOTA/06/2007,256.0
A/NEW_CALEDONIA/9/2004,A/TAIWAN/1/86,256.0
A/NEW_CALEDONIA/9/2004,A/TEXAS/36/91,256.0
A/NEW_CALEDONIA/9/2004,A/VICTORIA/500/2006,1.41421356237
A/NEW_CALEDONIA/9/2004,A/VIRGINIA/01/2006,256.0
A/NEW_CALEDONIA/9/2004,A/CHILE/4795/2000,256.0
A/NEW_CALEDONIA/9/2004,A/FUJIAN/156/2000,256.0
A/NEW_CALEDONIA/9/2004,A/HONG_KONG/1870/2008,256.0
A/NEW_CALEDONIA/9/2004,A/MALAYSIA/100/2006,1.0
A/NEW_CALEDONIA/9/2004,A/MOSCOW/13/98,256.0
A/NEW_CALEDONIA/9/2004,A/NEIMENGGU/52/2002,256.0
A/NEW_CALEDONIA/20/1999,A/PHILIPPINES/673/2006,5.65685424949
A/NEW_CALEDONIA/20/1999,A/SHENZHEN/227/95,256.0
A/NEW_CALEDONIA/20/1999,A/SICHUAN/4/88,256.0
A/NEW_CALEDONIA/20/1999,A/SINGAPORE/6/86,45.2548339959
A/NEW_CALEDONIA/20/1999,A/SINGAPORE/14/2004,2.0
A/NEW_CALEDONIA/20/1999,A/TAIWAN/1/86,32.0
A/NEW_CALEDONIA/20/1999,A/TEXAS/36/91,32.0
A/NEW_CALEDONIA/20/1999,A/VICTORIA/500/2006,2.0
A/NEW_CALEDONIA/20/1999,A/MALAYSIA/100/2006,1.41421356237
A/PHILIPPINES/673/2006,A/SHENZHEN/227/95,256.0
A/PHILIPPINES/673/2006,A/SICHUAN/4/88,256.0
A/PHILIPPINES/673/2006,A/SINGAPORE/6/86,256.0
A/PHILIPPINES/673/2006,A/SINGAPORE/14/2004,2.0
A/PHILIPPINES/673/2006,A/SOLOMON_ISLANDS/03/2006,1.41421356237
A/PHILIPPINES/673/2006,A/SOUTH_DAKOTA/06/2007,256.0
A/PHILIPPINES/673/2006,A/TAIWAN/1/86,256.0
A/PHILIPPINES/673/2006,A/TEXAS/36/91,256.0
A/PHILIPPINES/673/2006,A/VICTORIA/500/2006,5.65685424949
A/PHILIPPINES/673/2006,A/VIRGINIA/01/2006,256.0
A/PHILIPPINES/673/2006,A/CHILE/4795/2000,256.0
A/PHILIPPINES/673/2006,A/FUJIAN/156/2000,256.0
A/PHILIPPINES/673/2006,A/HONG_KONG/1870/2008,256.0
A/PHILIPPINES/673/2006,A/MALAYSIA/100/2006,4.0
A/PHILIPPINES/673/2006,A/MOSCOW/13/98,256.0
A/PHILIPPINES/673/2006,A/NEIMENGGU/52/2002,256.0
A/SHENZHEN/227/95,A/SICHUAN/4/88,256.0
A/SHENZHEN/227/95,A/SINGAPORE/6/86,256.0
A/SHENZHEN/227/95,A/SINGAPORE/14/2004,256.0
A/SHENZHEN/227/95,A/SOLOMON_ISLANDS/03/2006,256.0
A/SHENZHEN/227/95,A/SOUTH_DAKOTA/06/2007,256.0
A/SHENZHEN/227/95,A/TAIWAN/1/86,256.0
A/SHENZHEN/227/95,A/TEXAS/36/91,256.0
A/SHENZHEN/227/95,A/VICTORIA/500/2006,256.0
A/SHENZHEN/227/95,A/VIRGINIA/01/2006,256.0
A/SHENZHEN/227/95,A/CHILE/4795/2000,256.0
A/SHENZHEN/227/95,A/FUJIAN/156/2000,256.0
A/SHENZHEN/227/95,A/HONG_KONG/1870/2008,256.0
A/SHENZHEN/227/95,A/MALAYSIA/100/2006,256.0
A/SHENZHEN/227/95,A/MOSCOW/13/98,256.0
A/SHENZHEN/227/95,A/NEIMENGGU/52/2002,256.0
A/SICHUAN/4/88,A/SINGAPORE/6/86,2.82842712475
A/SICHUAN/4/88,A/SINGAPORE/14/2004,256.0
A/SICHUAN/4/88,A/SOLOMON_ISLANDS/03/2006,256.0
A/SICHUAN/4/88,A/SOUTH_DAKOTA/06/2007,256.0
A/SICHUAN/4/88,A/TAIWAN/1/86,2.0
A/SICHUAN/4/88,A/TEXAS/36/91,256.0
A/SICHUAN/4/88,A/VICTORIA/500/2006,256.0
A/SICHUAN/4/88,A/VIRGINIA/01/2006,256.0
A/SICHUAN/4/88,A/CHILE/4795/2000,256.0
A/SICHUAN/4/88,A/FUJIAN/156/2000,256.0
A/SICHUAN/4/88,A/HONG_KONG/1870/2008,256.0
A/SICHUAN/4/88,A/MALAYSIA/100/2006,256.0
A/SICHUAN/4/88,A/MOSCOW/13/98,256.0
A/SICHUAN/4/88,A/NEIMENGGU/52/2002,256.0
A/SINGAPORE/6/86,A/SINGAPORE/14/2004,256.0
A/SINGAPORE/6/86,A/SOLOMON_ISLANDS/03/2006,256.0
A/SINGAPORE/6/86,A/SOUTH_DAKOTA/06/2007,256.0
A/SINGAPORE/6/86,A/VICTORIA/500/2006,256.0
A/SINGAPORE/6/86,A/VIRGINIA/01/2006,256.0
A/SINGAPORE/6/86,A/CHILE/4795/2000,256.0
A/SINGAPORE/6/86,A/FUJIAN/156/2000,256.0
A/SINGAPORE/6/86,A/HONG_KONG/1870/2008,256.0
A/SINGAPORE/6/86,A/MALAYSIA/100/2006,256.0
A/SINGAPORE/6/86,A/MOSCOW/13/98,256.0
A/SINGAPORE/6/86,A/NEIMENGGU/52/2002,256.0
A/SINGAPORE/14/2004,A/SOLOMON_ISLANDS/03/2006,2.0
A/SINGAPORE/14/2004,A/SOUTH_DAKOTA/06/2007,256.0
A/SINGAPORE/14/2004,A/TAIWAN/1/86,256.0
A/SINGAPORE/14/2004,A/TEXAS/36/91,256.0
A/SINGAPORE/14/2004,A/VICTORIA/500/2006,1.41421356237
A/SINGAPORE/14/2004,A/VIRGINIA/01/2006,256.0
A/SINGAPORE/14/2004,A/CHILE/4795/2000,256.0
A/SINGAPORE/14/2004,A/FUJIAN/156/2000,256.0
A/SINGAPORE/14/2004,A/HONG_KONG/1870/2008,256.0
A/SINGAPORE/14/2004,A/MALAYSIA/100/2006,1.0
A/SINGAPORE/14/2004,A/MOSCOW/13/98,256.0
A/SINGAPORE/14/2004,A/NEIMENGGU/52/2002,256.0
A/SOLOMON_ISLANDS/03/2006,A/TAIWAN/1/86,256.0
A/SOLOMON_ISLANDS/03/2006,A/TEXAS/36/91,256.0
A/SOLOMON_ISLANDS/03/2006,A/VICTORIA/500/2006,2.82842712475
A/SOLOMON_ISLANDS/03/2006,A/VIRGINIA/01/2006,2.0
A/SOLOMON_ISLANDS/03/2006,A/CHILE/4795/2000,256.0
A/SOLOMON_ISLANDS/03/2006,A/FUJIAN/156/2000,256.0
A/SOLOMON_ISLANDS/03/2006,A/MALAYSIA/100/2006,2.0
A/SOLOMON_ISLANDS/03/2006,A/MOSCOW/13/98,256.0
A/SOLOMON_ISLANDS/03/2006,A/NEIMENGGU/52/2002,256.0
A/SOUTH_DAKOTA/06/2007,A/TAIWAN/1/86,256.0
A/SOUTH_DAKOTA/06/2007,A/TEXAS/36/91,256.0
A/SOUTH_DAKOTA/06/2007,A/VICTORIA/500/2006,256.0
A/SOUTH_DAKOTA/06/2007,A/VIRGINIA/01/2006,256.0
A/SOUTH_DAKOTA/06/2007,A/CHILE/4795/2000,256.0
A/SOUTH_DAKOTA/06/2007,A/FUJIAN/156/2000,256.0
A/SOUTH_DAKOTA/06/2007,A/MALAYSIA/100/2006,256.0
A/SOUTH_DAKOTA/06/2007,A/MOSCOW/13/98,256.0
A/SOUTH_DAKOTA/06/2007,A/NEIMENGGU/52/2002,256.0
A/TAIWAN/1/86,A/VICTORIA/500/2006,256.0
A/TAIWAN/1/86,A/VIRGINIA/01/2006,256.0
A/TAIWAN/1/86,A/CHILE/4795/2000,256.0
A/TAIWAN/1/86,A/FUJIAN/156/2000,256.0
A/TAIWAN/1/86,A/HONG_KONG/1870/2008,256.0
A/TAIWAN/1/86,A/MALAYSIA/100/2006,256.0
A/TAIWAN/1/86,A/MOSCOW/13/98,256.0
A/TAIWAN/1/86,A/NEIMENGGU/52/2002,256.0
A/TEXAS/36/91,A/VICTORIA/500/2006,256.0
A/TEXAS/36/91,A/VIRGINIA/01/2006,256.0
A/TEXAS/36/91,A/CHILE/4795/2000,256.0
A/TEXAS/36/91,A/FUJIAN/156/2000,256.0
A/TEXAS/36/91,A/HONG_KONG/1870/2008,256.0
A/TEXAS/36/91,A/MALAYSIA/100/2006,256.0
A/TEXAS/36/91,A/MOSCOW/13/98,256.0
A/TEXAS/36/91,A/NEIMENGGU/52/2002,256.0
A/VICTORIA/500/2006,A/VIRGINIA/01/2006,256.0
A/VICTORIA/500/2006,A/CHILE/4795/2000,256.0
A/VICTORIA/500/2006,A/FUJIAN/156/2000,256.0
A/VICTORIA/500/2006,A/HONG_KONG/1870/2008,256.0
A/VICTORIA/500/2006,A/MALAYSIA/100/2006,1.0
A/VICTORIA/500/2006,A/MOSCOW/13/98,256.0
A/VICTORIA/500/2006,A/NEIMENGGU/52/2002,256.0
A/VIRGINIA/01/2006,A/CHILE/4795/2000,256.0
A/VIRGINIA/01/2006,A/FUJIAN/156/2000,256.0
A/VIRGINIA/01/2006,A/HONG_KONG/1870/2008,256.0
A/VIRGINIA/01/2006,A/MALAYSIA/100/2006,256.0
A/VIRGINIA/01/2006,A/MOSCOW/13/98,256.0
A/VIRGINIA/01/2006,A/NEIMENGGU/52/2002,256.0
A/CHILE/4795/2000,A/FUJIAN/156/2000,64.0
A/CHILE/4795/2000,A/HONG_KONG/1870/2008,256.0
A/CHILE/4795/2000,A/MALAYSIA/100/2006,256.0
A/CHILE/4795/2000,A/MOSCOW/13/98,256.0
A/CHILE/4795/2000,A/NEIMENGGU/52/2002,256.0
A/FUJIAN/156/2000,A/HONG_KONG/1870/2008,256.0
A/FUJIAN/156/2000,A/MALAYSIA/100/2006,256.0
A/FUJIAN/156/2000,A/MOSCOW/13/98,256.0
A/HONG_KONG/1870/2008,A/MALAYSIA/100/2006,256.0
A/HONG_KONG/1870/2008,A/MOSCOW/13/98,256.0
A/HONG_KONG/1870/2008,A/NEIMENGGU/52/2002,256.0
A/MALAYSIA/100/2006,A/MOSCOW/13/98,256.0
A/MALAYSIA/100/2006,A/NEIMENGGU/52/2002,256.0
A/MOSCOW/13/98,A/NEIMENGGU/52/2002,256.0
A/TEXAS/29/82,A/CHILE/1/83,5.65685424949
A/EGYPT/96/2002,A/EGYPT/39/2005,1.41421356237
A/NETHERLANDS/128/2004,A/HONG_KONG/2637/2004,2.0
A/NETHERLANDS/128/2004,A/EGYPT/39/2005,1.41421356237
A/THESSALONIKI/24/2005,A/HONG_KONG/2637/2004,2.0
A/HONG_KONG/2637/2004,A/EGYPT/39/2005,1.0
A/CALIFORNIA/07/2009,A/SWINE/BELGIUM/1/98,2.82842712475
A/OHIO/9/2015,A/BRISBANE/59/2007,128.0
A/OHIO/9/2015,A/SWINE/BELGIUM/1/98,32.0
A/BRISBANE/59/2007,A/WISCONSIN/71/2016,256.0
A/BRISBANE/59/2007,A/SWINE/HONG_KONG/201/2010,256.0
A/BRISBANE/59/2007,A/SWINE/BELGIUM/1/98,256.0
A/BRISBANE/59/2007,A/HUNAN/42443/2015,181.019335984
A/BRISBANE/59/2007,A/HUNAN/42443/2015_CNIC_1601,181.019335984
A/WISCONSIN/71/2016,A/SWINE/BELGIUM/1/98,724.077343935
A/SWINE/HONG_KONG/201/2010,A/SWINE/BELGIUM/1/98,4.0
A/SWINE/BELGIUM/1/98,A/HUNAN/42443/2015,4.0
A/SWINE/BELGIUM/1/98,A/HUNAN/42443/2015_CNIC_1601,2.82842712475
A/CALIFORNIA/07/2009,A/BAYERN/69/2009,2.0
A/CALIFORNIA/07/2009,A/LVIV/N6/2009,2.82842712475
A/CALIFORNIA/07/2009,A/CHRISTCHURCH/16/2010,4.0
A/CALIFORNIA/07/2009,A/ASTRAKHAN/1/2011,2.82842712475
A/CALIFORNIA/07/2009,A/ST._PETERSBURG/27/2011,2.0
A/CALIFORNIA/07/2009,A/ST._PETERSBURG/100/2011,4.0
A/CALIFORNIA/07/2009,A/HONG_KONG/5659/2012,4.0
A/CALIFORNIA/07/2009,A/SOUTH_AFRICA/3626/2013,2.0
A/BAYERN/69/2009,A/LVIV/N6/2009,1.41421356237
A/BAYERN/69/2009,A/CHRISTCHURCH/16/2010,4.0
A/BAYERN/69/2009,A/ASTRAKHAN/1/2011,4.0
A/BAYERN/69/2009,A/ST._PETERSBURG/27/2011,4.0
A/BAYERN/69/2009,A/ST._PETERSBURG/100/2011,5.65685424949
A/BAYERN/69/2009,A/HONG_KONG/5659/2012,5.65685424949
A/BAYERN/69/2009,A/SOUTH_AFRICA/3626/2013,2.82842712475
A/LVIV/N6/2009,A/CHRISTCHURCH/16/2010,4.0
A/LVIV/N6/2009,A/ASTRAKHAN/1/2011,5.65685424949
A/LVIV/N6/2009,A/ST._PETERSBURG/27/2011,2.82842712475
A/LVIV/N6/2009,A/ST._PETERSBURG/100/2011,5.65685424949
A/LVIV/N6/2009,A/HONG_KONG/5659/2012,5.65685424949
A/LVIV/N6/2009,A/SOUTH_AFRICA/3626/2013,4.0
A/CHRISTCHURCH/16/2010,A/ASTRAKHAN/1/2011,2.0
A/CHRISTCHURCH/16/2010,A/ST._PETERSBURG/27/2011,2.82842712475
A/CHRISTCHURCH/16/2010,A/ST._PETERSBURG/100/2011,2.0
A/CHRISTCHURCH/16/2010,A/HONG_KONG/5659/2012,2.82842712475
A/CHRISTCHURCH/16/2010,A/SOUTH_AFRICA/3626/2013,2.82842712475
A/ASTRAKHAN/1/2011,A/ST._PETERSBURG/27/2011,1.0
A/ASTRAKHAN/1/2011,A/ST._PETERSBURG/100/2011,1.41421356237
A/ASTRAKHAN/1/2011,A/HONG_KONG/5659/2012,1.41421356237
A/ASTRAKHAN/1/2011,A/SOUTH_AFRICA/3626/2013,1.41421356237
A/ST._PETERSBURG/27/2011,A/ST._PETERSBURG/100/2011,1.0
A/ST._PETERSBURG/27/2011,A/HONG_KONG/5659/2012,1.41421356237
A/ST._PETERSBURG/27/2011,A/SOUTH_AFRICA/3626/2013,1.41421356237
A/ST._PETERSBURG/100/2011,A/HONG_KONG/5659/2012,1.0
A/ST._PETERSBURG/100/2011,A/SOUTH_AFRICA/3626/2013,1.41421356237
A/MICHIGAN/45/2015,A/CALIFORNIA/07/2009,1.0
A/MICHIGAN/45/2015,A/BAYERN/69/2009,4.0
A/MICHIGAN/45/2015,A/LVIV/N6/2009,4.0
A/MICHIGAN/45/2015,A/ASTRAKHAN/1/2011,1.0
A/MICHIGAN/45/2015,A/ST._PETERSBURG/27/2011,1.0
A/MICHIGAN/45/2015,A/ST._PETERSBURG/100/2011,0.707106781187
A/CALIFORNIA/07/2009,A/SLOVENIA/2903/2015,1.0
A/CALIFORNIA/07/2009,A/ISRAEL/Q-504/2015,1.41421356237
A/BAYERN/69/2009,A/SLOVENIA/2903/2015,5.65685424949
A/BAYERN/69/2009,A/ISRAEL/Q-504/2015,5.65685424949
A/LVIV/N6/2009,A/SLOVENIA/2903/2015,5.65685424949
A/LVIV/N6/2009,A/ISRAEL/Q-504/2015,5.65685424949
A/ASTRAKHAN/1/2011,A/SLOVENIA/2903/2015,1.0
A/ASTRAKHAN/1/2011,A/ISRAEL/Q-504/2015,1.41421356237
A/ST._PETERSBURG/27/2011,A/SLOVENIA/2903/2015,1.0
A/ST._PETERSBURG/27/2011,A/ISRAEL/Q-504/2015,1.41421356237
A/ST._PETERSBURG/100/2011,A/SLOVENIA/2903/2015,1.0
A/ST._PETERSBURG/100/2011,A/ISRAEL/Q-504/2015,1.0
A/CALIFORNIA/07/2009,A/HONG_KONG/3934/2011,4.0
A/BAYERN/69/2009,A/HONG_KONG/3934/2011,5.65685424949
A/LVIV/N6/2009,A/HONG_KONG/3934/2011,8.0
A/CHRISTCHURCH/16/2010,A/HONG_KONG/3934/2011,2.82842712475
A/HONG_KONG/3934/2011,A/ASTRAKHAN/1/2011,1.41421356237
A/HONG_KONG/3934/2011,A/ST._PETERSBURG/27/2011,1.0
A/HONG_KONG/3934/2011,A/ST._PETERSBURG/100/2011,1.41421356237
A/HONG_KONG/3934/2011,A/HONG_KONG/5659/2012,1.0
A/HONG_KONG/3934/2011,A/SOUTH_AFRICA/3626/2013,1.41421356237
A/CALIFORNIA/04/2009,A/CALIFORNIA/07/2009,1.0
A/CALIFORNIA/04/2009,A/ENGLAND/195/2009,1.0
A/CALIFORNIA/04/2009,A/AUCKLAND/3/2009,1.0
A/CALIFORNIA/04/2009,A/BAYERN/69/2009,4.0
A/CALIFORNIA/04/2009,A/LVIV/N6/2009,2.0
A/CALIFORNIA/07/2009,A/ENGLAND/195/2009,1.0
A/CALIFORNIA/07/2009,A/AUCKLAND/3/2009,1.0
A/ENGLAND/195/2009,A/AUCKLAND/3/2009,0.707106781187
A/ENGLAND/195/2009,A/BAYERN/69/2009,2.82842712475
A/ENGLAND/195/2009,A/LVIV/N6/2009,2.82842712475
A/AUCKLAND/3/2009,A/BAYERN/69/2009,2.0
A/AUCKLAND/3/2009,A/LVIV/N6/2009,2.0
A/CALIFORNIA/04/2009,A/HONG_KONG/2212/2010,1.0
A/CALIFORNIA/04/2009,A/HONG_KONG/2200/2010,2.0
A/CALIFORNIA/07/2009,A/HONG_KONG/2212/2010,1.0
A/CALIFORNIA/07/2009,A/HONG_KONG/2200/2010,1.0
A/ENGLAND/195/2009,A/HONG_KONG/2212/2010,1.41421356237
A/ENGLAND/195/2009,A/HONG_KONG/2200/2010,1.41421356237
A/AUCKLAND/3/2009,A/HONG_KONG/2212/2010,1.0
A/AUCKLAND/3/2009,A/HONG_KONG/2200/2010,1.41421356237
A/BAYERN/69/2009,A/HONG_KONG/2212/2010,2.82842712475
A/BAYERN/69/2009,A/HONG_KONG/2200/2010,2.82842712475
A/LVIV/N6/2009,A/HONG_KONG/2212/2010,4.0
A/LVIV/N6/2009,A/HONG_KONG/2200/2010,2.82842712475
A/HONG_KONG/2212/2010,A/HONG_KONG/2200/2010,1.41421356237
A/ENGLAND/195/2009,A/CHRISTCHURCH/16/2010,2.0
A/AUCKLAND/3/2009,A/CHRISTCHURCH/16/2010,1.41421356237
A/HONG_KONG/2212/2010,A/CHRISTCHURCH/16/2010,1.41421356237
A/CHRISTCHURCH/16/2010,A/SLOVENIA/2903/2015,1.41421356237
A/CHRISTCHURCH/16/2010,A/ISRAEL/Q-504/2015,2.82842712475
A/CALIFORNIA/07/2009,A/UKRAINE/6907/2015,2.0
A/BAYERN/69/2009,A/UKRAINE/6907/2015,5.65685424949
A/LVIV/N6/2009,A/UKRAINE/6907/2015,5.65685424949
A/CHRISTCHURCH/16/2010,A/UKRAINE/6907/2015,4.0
A/ASTRAKHAN/1/2011,A/UKRAINE/6907/2015,2.0
A/ST._PETERSBURG/27/2011,A/UKRAINE/6907/2015,1.0
A/ST._PETERSBURG/100/2011,A/UKRAINE/6907/2015,2.0
A/IOWA/02/2009,A/CALIFORNIA/07/2009,2.0
A/IOWA/02/2009,A/MEXICO/4108/2009,1.0
A/IOWA/02/2009,A/NEW_YORK/18/2009,1.0
A/IOWA/02/2009,A/TEXAS/15/2009,1.0
A/CALIFORNIA/07/2009,A/MEXICO/4108/2009,0.707106781187
A/CALIFORNIA/07/2009,A/NEW_YORK/18/2009,1.0
A/CALIFORNIA/07/2009,A/TEXAS/15/2009,0.707106781187
A/MEXICO/4108/2009,A/NEW_YORK/18/2009,1.0
A/MEXICO/4108/2009,A/TEXAS/15/2009,0.707106781187
A/NEW_YORK/18/2009,A/TEXAS/15/2009,1.0
A/CALIFORNIA/04/2009,A/CALIFORNIA/07/2009_X_179A,1.0
A/CALIFORNIA/04/2009,A/CALIFORNIA/07/2009_IVR153,1.0
A/CALIFORNIA/04/2009,A/NARITA/1/2009,1.41421356237
A/CALIFORNIA/07/2009,A/CALIFORNIA/07/2009_X_179A,1.0
A/CALIFORNIA/07/2009,A/CALIFORNIA/07/2009_IVR153,1.0
A/CALIFORNIA/07/2009,A/NARITA/1/2009,1.41421356237
A/CALIFORNIA/07/2009_X_179A,A/CALIFORNIA/07/2009_IVR153,1.0
A/CALIFORNIA/07/2009_X_179A,A/ENGLAND/195/2009,1.0
A/CALIFORNIA/07/2009_X_179A,A/AUCKLAND/3/2009,1.0
A/CALIFORNIA/07/2009_X_179A,A/NARITA/1/2009,1.0
A/CALIFORNIA/07/2009_IVR153,A/ENGLAND/195/2009,1.0
A/CALIFORNIA/07/2009_IVR153,A/AUCKLAND/3/2009,1.0
A/CALIFORNIA/07/2009_IVR153,A/NARITA/1/2009,1.41421356237
A/ENGLAND/195/2009,A/NARITA/1/2009,1.0
A/AUCKLAND/3/2009,A/NARITA/1/2009,1.41421356237
A/CALIFORNIA/04/2009,A/MEXICO/4108/2009,0.353553390593
A/CALIFORNIA/04/2009,A/NEW_YORK/18/2009,0.707106781187
A/CALIFORNIA/04/2009,A/TEXAS/05/2009,0.707106781187
A/CALIFORNIA/04/2009,A/TEXAS/5/2009_XPR8-IDCDC,1.0
A/CALIFORNIA/07/2009,A/TEXAS/05/2009,0.707106781187
A/CALIFORNIA/07/2009,A/TEXAS/5/2009_XPR8-IDCDC,1.0
A/CALIFORNIA/07/2009_X_179A,A/MEXICO/4108/2009,0.707106781187
A/CALIFORNIA/07/2009_X_179A,A/NEW_YORK/18/2009,0.707106781187
A/CALIFORNIA/07/2009_X_179A,A/TEXAS/05/2009,1.0
A/CALIFORNIA/07/2009_X_179A,A/TEXAS/5/2009_XPR8-IDCDC,0.707106781187
A/MEXICO/4108/2009,A/TEXAS/05/2009,0.707106781187
A/MEXICO/4108/2009,A/TEXAS/5/2009_XPR8-IDCDC,1.41421356237
A/MEXICO/4108/2009,A/ENGLAND/195/2009,1.0
A/NEW_YORK/18/2009,A/TEXAS/05/2009,1.0
A/NEW_YORK/18/2009,A/TEXAS/5/2009_XPR8-IDCDC,2.0
A/NEW_YORK/18/2009,A/ENGLAND/195/2009,1.41421356237
A/TEXAS/05/2009,A/TEXAS/5/2009_XPR8-IDCDC,1.41421356237
A/TEXAS/05/2009,A/ENGLAND/195/2009,1.0
A/TEXAS/5/2009_XPR8-IDCDC,A/ENGLAND/195/2009,2.0
A/CALIFORNIA/04/2009,A/CALIFORNIA/04/2009,0.707106781187
A/CALIFORNIA/04/2009,A/TEXAS/5/2009_RG15,2.0
A/CALIFORNIA/04/2009,A/AUCKLAND/1/2009,1.0
A/CALIFORNIA/07/2009,A/CALIFORNIA/04/2009,1.0
A/CALIFORNIA/07/2009,A/TEXAS/5/2009_RG15,1.41421356237
A/CALIFORNIA/07/2009,A/AUCKLAND/1/2009,1.41421356237
A/CALIFORNIA/07/2009_X_179A,A/CALIFORNIA/04/2009,1.0
A/CALIFORNIA/07/2009_X_179A,A/TEXAS/5/2009_RG15,1.0
A/CALIFORNIA/07/2009_X_179A,A/AUCKLAND/1/2009,1.41421356237
A/CALIFORNIA/07/2009_IVR153,A/CALIFORNIA/04/2009,1.0
A/CALIFORNIA/07/2009_IVR153,A/MEXICO/4108/2009,1.41421356237
A/CALIFORNIA/07/2009_IVR153,A/NEW_YORK/18/2009,1.0
A/CALIFORNIA/07/2009_IVR153,A/TEXAS/05/2009,2.0
A/CALIFORNIA/07/2009_IVR153,A/TEXAS/5/2009_RG15,1.41421356237
A/CALIFORNIA/07/2009_IVR153,A/AUCKLAND/1/2009,1.41421356237
A/MEXICO/4108/2009,A/TEXAS/5/2009_RG15,2.82842712475
A/MEXICO/4108/2009,A/NARITA/1/2009,1.41421356237
A/MEXICO/4108/2009,A/AUCKLAND/1/2009,2.82842712475
A/NEW_YORK/18/2009,A/TEXAS/5/2009_RG15,1.41421356237
A/NEW_YORK/18/2009,A/NARITA/1/2009,1.41421356237
A/NEW_YORK/18/2009,A/AUCKLAND/1/2009,2.0
A/TEXAS/05/2009,A/TEXAS/5/2009_RG15,0.707106781187
A/TEXAS/05/2009,A/NARITA/1/2009,1.0
A/TEXAS/05/2009,A/AUCKLAND/1/2009,0.707106781187
A/TEXAS/5/2009_RG15,A/NARITA/1/2009,1.41421356237
A/TEXAS/5/2009_RG15,A/AUCKLAND/1/2009,1.41421356237
A/NARITA/1/2009,A/AUCKLAND/1/2009,1.0
A/CALIFORNIA/07/2009,A/BANGLADESH/2021/2012,8.0
A/CALIFORNIA/07/2009,A/SOUTH_AUSTRALIA/17/2013,1.0
A/CALIFORNIA/07/2009,A/NEW_HAMPSHIRE/04/2013,2.0
A/CALIFORNIA/07/2009,A/MASSACHUSETTS/15/2013,1.41421356237
A/CALIFORNIA/07/2009,A/DOMINICAN_REPUBLIC/7293/2013,0.707106781187
A/CALIFORNIA/07/2009,A/WASHINGTON/24/2012,1.0
A/CALIFORNIA/07/2009,A/FLORIDA/27/2011,1.0
A/CALIFORNIA/07/2009,A/MARYLAND/13/2012,1.0
A/CALIFORNIA/07/2009,A/COLORADO/14/2012,0.707106781187
A/FLORIDA/27/2011,A/MARYLAND/13/2012,1.0
A/FLORIDA/27/2011,A/BANGLADESH/2021/2012,4.0
A/FLORIDA/27/2011,A/WASHINGTON/24/2012,1.0
A/FLORIDA/27/2011,A/COLORADO/14/2012,1.0
A/CALIFORNIA/07/2009,A/PHILIPPINES/2810/2009,5.65685424949
A/CALIFORNIA/07/2009,A/IRAQ/8529/2009,4.0
A/CALIFORNIA/07/2009,A/SOUTH_CAROLINA/18/2009,2.82842712475
A/ENGLAND/195/2009,A/PHILIPPINES/2810/2009,11.313708499
A/ENGLAND/195/2009,A/IRAQ/8529/2009,5.65685424949
A/ENGLAND/195/2009,A/SOUTH_CAROLINA/18/2009,4.0
A/PHILIPPINES/2810/2009,A/IRAQ/8529/2009,4.0
A/PHILIPPINES/2810/2009,A/SOUTH_CAROLINA/18/2009,4.0
A/IRAQ/8529/2009,A/SOUTH_CAROLINA/18/2009,1.41421356237
A/CALIFORNIA/07/2009,A/SOUTH_CAROLINA/02/2010,1.41421356237
A/CALIFORNIA/07/2009,A/BRISBANE/10/2010,1.41421356237
A/ENGLAND/195/2009,A/SOUTH_CAROLINA/02/2010,1.0
A/ENGLAND/195/2009,A/BRISBANE/10/2010,2.0
A/SOUTH_CAROLINA/02/2010,A/BRISBANE/10/2010,1.41421356237
A/SICHUAN/1/2009,A/CALIFORNIA/07/2009,1.0
A/SICHUAN/1/2009,A/HUNAN-YUEYANGLOU/317/2009,5.65685424949
A/SICHUAN/1/2009,A/CALIFORNIA/07/2009_NYMCX_179A,4.0
A/SICHUAN/1/2009,A/TEXAS/77/2009,4.0
A/CALIFORNIA/07/2009,A/HUNAN-YUEYANGLOU/317/2009,4.0
A/CALIFORNIA/07/2009,A/CALIFORNIA/07/2009_NYMCX_179A,4.0
A/CALIFORNIA/07/2009,A/TEXAS/77/2009,5.65685424949
A/HUNAN-YUEYANGLOU/317/2009,A/CALIFORNIA/07/2009_NYMCX_179A,8.0
A/HUNAN-YUEYANGLOU/317/2009,A/TEXAS/77/2009,1.41421356237
A/CALIFORNIA/07/2009_NYMCX_179A,A/TEXAS/77/2009,8.0
A/CALIFORNIA/07/2009,A/VORONEZH/01/2011,1.0
A/CALIFORNIA/07/2009,A/VALPARAISO/17275/2011,0.707106781187
A/CALIFORNIA/07/2009,A/MINNESOTA/03/2011,0.707106781187
A/VORONEZH/01/2011,A/VALPARAISO/17275/2011,1.0
A/VORONEZH/01/2011,A/MINNESOTA/03/2011,1.0
A/VORONEZH/01/2011,A/ST._PETERSBURG/100/2011,1.0
A/VALPARAISO/17275/2011,A/MINNESOTA/03/2011,0.707106781187
A/VALPARAISO/17275/2011,A/ST._PETERSBURG/100/2011,1.0
A/MINNESOTA/03/2011,A/ST._PETERSBURG/100/2011,1.0
A/CALIFORNIA/07/2009,A/MICHIGAN/45/2015,1.41421356237
A/CALIFORNIA/07/2009,A/PANAMA/318595/2016,1.41421356237
A/CALIFORNIA/07/2009,A/IOWA/53/2015,1.41421356237
A/CALIFORNIA/07/2009,A/ST._PETERSBURG/61/2015,2.82842712475
A/CALIFORNIA/07/2009,A/MINNESOTA/32/2015,2.0
A/CALIFORNIA/07/2009,A/NORTH_CAROLINA/04/2014,1.41421356237
A/CALIFORNIA/07/2009,A/HONG_KONG/5008/13,1.0
A/CALIFORNIA/07/2009,A/PENNSYLVANIA/07/2013,1.0
A/CALIFORNIA/07/2009,A/INDIANA/21/2016,1.0
A/CALIFORNIA/07/2009,A/BOLIVIA/559/2013,1.0
A/CALIFORNIA/04/2009,A/CHRISTCHURCH/16/2010,2.0
A/HONG_KONG/2200/2010,A/CHRISTCHURCH/16/2010,1.41421356237
A/CALIFORNIA/07/2009,A/ENGLAND/87/2010,1.0
A/CALIFORNIA/07/2009,A/ENGLAND/106/2010,0.894427191
A/ENGLAND/195/2009,A/ENGLAND/87/2010,0.707106781187
A/ENGLAND/195/2009,A/ENGLAND/106/2010,0.4472135955
A/AUCKLAND/3/2009,A/ENGLAND/87/2010,1.0
A/AUCKLAND/3/2009,A/ENGLAND/106/2010,0.4472135955
A/BAYERN/69/2009,A/ENGLAND/87/2010,4.0
A/BAYERN/69/2009,A/ENGLAND/106/2010,0.632455532034
A/LVIV/N6/2009,A/ENGLAND/87/2010,5.65685424949
A/LVIV/N6/2009,A/ENGLAND/106/2010,0.632455532034
A/HONG_KONG/2212/2010,A/ENGLAND/87/2010,1.41421356237
A/HONG_KONG/2212/2010,A/ENGLAND/106/2010,0.4472135955
A/CHRISTCHURCH/16/2010,A/ENGLAND/87/2010,1.41421356237
A/CHRISTCHURCH/16/2010,A/ENGLAND/106/2010,0.4472135955
A/ENGLAND/87/2010,A/ENGLAND/106/2010,0.4472135955
A/ENGLAND/195/2009,A/HONG_KONG/3934/2011,1.41421356237
A/ENGLAND/195/2009,A/ASTRAKHAN/1/2011,1.0
A/ENGLAND/195/2009,A/ST._PETERSBURG/27/2011,0.707106781187
A/ENGLAND/195/2009,A/ST._PETERSBURG/100/2011,1.0
A/AUCKLAND/3/2009,A/HONG_KONG/3934/2011,1.0
A/AUCKLAND/3/2009,A/ASTRAKHAN/1/2011,0.707106781187
A/AUCKLAND/3/2009,A/ST._PETERSBURG/27/2011,0.707106781187
A/AUCKLAND/3/2009,A/ST._PETERSBURG/100/2011,1.0
A/HONG_KONG/2212/2010,A/HONG_KONG/3934/2011,1.41421356237
A/HONG_KONG/2212/2010,A/ASTRAKHAN/1/2011,1.0
A/HONG_KONG/2212/2010,A/ST._PETERSBURG/27/2011,1.0
A/HONG_KONG/2212/2010,A/ST._PETERSBURG/100/2011,1.41421356237
A/CALIFORNIA/07/2009,A/HEILONGJIANG-XIANGFANG/191/2011,1.41421356237
A/BAYERN/69/2009,A/HEILONGJIANG-XIANGFANG/191/2011,2.82842712475
A/BAYERN/69/2009,A/VORONEZH/01/2011,5.65685424949
A/LVIV/N6/2009,A/HEILONGJIANG-XIANGFANG/191/2011,2.0
A/LVIV/N6/2009,A/VORONEZH/01/2011,2.82842712475
A/CHRISTCHURCH/16/2010,A/HEILONGJIANG-XIANGFANG/191/2011,1.41421356237
A/CHRISTCHURCH/16/2010,A/VORONEZH/01/2011,1.41421356237
A/HONG_KONG/3934/2011,A/HEILONGJIANG-XIANGFANG/191/2011,1.0
A/HONG_KONG/3934/2011,A/VORONEZH/01/2011,1.41421356237
A/ASTRAKHAN/1/2011,A/HEILONGJIANG-XIANGFANG/191/2011,1.0
A/ASTRAKHAN/1/2011,A/VORONEZH/01/2011,1.0
A/ST._PETERSBURG/100/2011,A/HEILONGJIANG-XIANGFANG/191/2011,0.707106781187
A/ST._PETERSBURG/100/2011,A/VORONEZH/01/2011,1.0
A/HEILONGJIANG-XIANGFANG/191/2011,A/VORONEZH/01/2011,0.707106781187
A/MOSCOW/2/2009,A/HONG_KONG/1988/2009,1.41421356237
A/BAYERN/69/2009,A/DOMINICAN_REPUBLIC/7293/2013,4.0
A/LVIV/N6/2009,A/DOMINICAN_REPUBLIC/7293/2013,4.0
A/CHRISTCHURCH/16/2010,A/DOMINICAN_REPUBLIC/7293/2013,4.0
A/HONG_KONG/3934/2011,A/DOMINICAN_REPUBLIC/7293/2013,1.41421356237
A/ASTRAKHAN/1/2011,A/DOMINICAN_REPUBLIC/7293/2013,1.0
A/ST._PETERSBURG/27/2011,A/DOMINICAN_REPUBLIC/7293/2013,2.0
A/ST._PETERSBURG/100/2011,A/DOMINICAN_REPUBLIC/7293/2013,2.0
A/CALIFORNIA/07/2009,A/HONG_KONG/90/2016,0.707106781187
A/BAYERN/69/2009,A/HONG_KONG/90/2016,4.0
A/LVIV/N6/2009,A/HONG_KONG/90/2016,8.0
A/CHRISTCHURCH/16/2010,A/HONG_KONG/90/2016,2.0
A/ASTRAKHAN/1/2011,A/HONG_KONG/90/2016,1.0
A/ST._PETERSBURG/27/2011,A/HONG_KONG/90/2016,0.707106781187
A/ST._PETERSBURG/100/2011,A/HONG_KONG/90/2016,0.707106781187
A/CALIFORNIA/04/2009,A/CALIFORNIA/05/2009,1.41421356237
A/CALIFORNIA/07/2009,A/CALIFORNIA/08/2009,1.41421356237
A/CALIFORNIA/07/2009,A/MEXICO/24001/2009,1.41421356237
A/CALIFORNIA/08/2009,A/MEXICO/4108/2009,1.0
A/CALIFORNIA/08/2009,A/NEW_YORK/18/2009,1.0
A/CALIFORNIA/08/2009,A/TEXAS/15/2009,1.41421356237
A/CALIFORNIA/08/2009,A/CALIFORNIA/07/2009_X_179A,1.0
A/CALIFORNIA/08/2009,A/TEXAS/5/2009_RG15,1.0
A/CALIFORNIA/08/2009,A/MEXICO/24001/2009,1.41421356237
A/MEXICO/4108/2009,A/CALIFORNIA/07/2009_X_179A,1.0
A/MEXICO/4108/2009,A/MEXICO/24001/2009,1.41421356237
A/NEW_YORK/18/2009,A/CALIFORNIA/07/2009_X_179A,0.707106781187
A/NEW_YORK/18/2009,A/MEXICO/24001/2009,1.0
A/TEXAS/15/2009,A/CALIFORNIA/07/2009_X_179A,1.0
A/TEXAS/15/2009,A/TEXAS/5/2009_RG15,2.82842712475
A/TEXAS/15/2009,A/MEXICO/24001/2009,1.41421356237
A/CALIFORNIA/07/2009_X_179A,A/MEXICO/24001/2009,1.0
A/TEXAS/5/2009_RG15,A/MEXICO/24001/2009,1.0
A/CALIFORNIA/04/2009,A/TEXAS/15/2009,0.707106781187
A/CALIFORNIA/04/2009,A/CALIFORNIA/07/2009_PR8,0.707106781187
A/CALIFORNIA/04/2009,A/SOUTH_CAROLINA/10/2009,1.0
A/CALIFORNIA/04/2009,A/MEXICO/24001/2009,1.0
A/CALIFORNIA/07/2009,A/CALIFORNIA/07/2009_PR8,1.0
A/CALIFORNIA/07/2009,A/SOUTH_CAROLINA/10/2009,1.41421356237
A/MEXICO/4108/2009,A/CALIFORNIA/07/2009_IVR153,1.41421356237
A/MEXICO/4108/2009,A/CALIFORNIA/07/2009_PR8,1.41421356237
A/MEXICO/4108/2009,A/SOUTH_CAROLINA/10/2009,2.0
A/NEW_YORK/18/2009,A/CALIFORNIA/07/2009_IVR153,1.0
A/NEW_YORK/18/2009,A/CALIFORNIA/07/2009_PR8,1.0
A/NEW_YORK/18/2009,A/SOUTH_CAROLINA/10/2009,1.0
A/TEXAS/15/2009,A/CALIFORNIA/07/2009_IVR153,1.0
A/TEXAS/15/2009,A/CALIFORNIA/07/2009_PR8,1.0
A/TEXAS/15/2009,A/TEXAS/05/2009,1.0
A/TEXAS/15/2009,A/SOUTH_CAROLINA/10/2009,1.41421356237
A/TEXAS/15/2009,A/NARITA/1/2009,1.41421356237
A/TEXAS/15/2009,A/AUCKLAND/1/2009,1.41421356237
A/TEXAS/15/2009,A/ENGLAND/195/2009,1.41421356237
A/CALIFORNIA/07/2009_X_179A,A/CALIFORNIA/07/2009_PR8,1.0
A/CALIFORNIA/07/2009_X_179A,A/SOUTH_CAROLINA/10/2009,1.41421356237
A/CALIFORNIA/07/2009_IVR153,A/CALIFORNIA/07/2009_PR8,1.0
A/CALIFORNIA/07/2009_IVR153,A/SOUTH_CAROLINA/10/2009,2.0
A/CALIFORNIA/07/2009_IVR153,A/MEXICO/24001/2009,1.41421356237
A/CALIFORNIA/07/2009_PR8,A/TEXAS/05/2009,1.0
A/CALIFORNIA/07/2009_PR8,A/TEXAS/5/2009_RG15,2.0
A/CALIFORNIA/07/2009_PR8,A/SOUTH_CAROLINA/10/2009,1.41421356237
A/CALIFORNIA/07/2009_PR8,A/MEXICO/24001/2009,1.0
A/CALIFORNIA/07/2009_PR8,A/NARITA/1/2009,2.0
A/CALIFORNIA/07/2009_PR8,A/AUCKLAND/1/2009,2.0
A/CALIFORNIA/07/2009_PR8,A/ENGLAND/195/2009,1.41421356237
A/TEXAS/05/2009,A/SOUTH_CAROLINA/10/2009,1.0
A/TEXAS/05/2009,A/MEXICO/24001/2009,0.353553390593
A/TEXAS/5/2009_RG15,A/SOUTH_CAROLINA/10/2009,1.41421356237
A/TEXAS/5/2009_RG15,A/ENGLAND/195/2009,1.41421356237
A/SOUTH_CAROLINA/10/2009,A/MEXICO/24001/2009,0.707106781187
A/SOUTH_CAROLINA/10/2009,A/NARITA/1/2009,1.0
A/SOUTH_CAROLINA/10/2009,A/AUCKLAND/1/2009,1.0
A/SOUTH_CAROLINA/10/2009,A/ENGLAND/195/2009,2.0
A/MEXICO/24001/2009,A/NARITA/1/2009,0.707106781187
A/MEXICO/24001/2009,A/AUCKLAND/1/2009,0.707106781187
A/MEXICO/24001/2009,A/ENGLAND/195/2009,1.0
A/NARITA/1/2009,A/ENGLAND/195/2009,2.0
A/AUCKLAND/1/2009,A/ENGLAND/195/2009,1.41421356237
A/CALIFORNIA/04/2009,A/DELAWARE/03/2009,0.5
A/CALIFORNIA/07/2009,A/DELAWARE/03/2009,0.707106781187
A/MEXICO/4108/2009,A/DELAWARE/03/2009,0.707106781187
A/NEW_YORK/18/2009,A/DELAWARE/03/2009,0.707106781187
A/TEXAS/15/2009,A/DELAWARE/03/2009,0.707106781187
A/CALIFORNIA/07/2009_X_179A,A/DELAWARE/03/2009,0.707106781187
A/DELAWARE/03/2009,A/TEXAS/05/2009,1.0
A/DELAWARE/03/2009,A/TEXAS/5/2009_RG15,1.41421356237
A/DELAWARE/03/2009,A/SOUTH_CAROLINA/10/2009,1.41421356237
A/DELAWARE/03/2009,A/MEXICO/24001/2009,1.0
A/DELAWARE/03/2009,A/NARITA/1/2009,1.41421356237
A/DELAWARE/03/2009,A/AUCKLAND/1/2009,1.41421356237
A/DELAWARE/03/2009,A/ENGLAND/195/2009,1.0
A/CALIFORNIA/07/2009,A/OHIO/9/2015,256.0
A/CALIFORNIA/07/2009,A/WISCONSIN/71/2016,724.077343935
A/CALIFORNIA/07/2009,A/SWINE/HONG_KONG/201/2010,2.0
A/CALIFORNIA/07/2009,A/HUNAN/42443/2015,1.41421356237
A/CALIFORNIA/07/2009,A/HUNAN/42443/2015_CNIC_1601,2.0
A/OHIO/9/2015,A/SWINE/HONG_KONG/201/2010,90.5096679919
A/WISCONSIN/71/2016,A/SWINE/HONG_KONG/201/2010,724.077343935
A/SWINE/HONG_KONG/201/2010,A/HUNAN/42443/2015,1.41421356237
A/HONG_KONG/5659/2012,A/SOUTH_AFRICA/3626/2013,1.41421356237
A/MICHIGAN/45/2015,A/HONG_KONG/5659/2012,2.0
A/MICHIGAN/45/2015,A/SOUTH_AFRICA/3626/2013,1.0
A/MICHIGAN/45/2015,A/SLOVENIA/2903/2015,0.707106781187
A/MICHIGAN/45/2015,A/ISRAEL/Q-504/2015,1.0
A/HONG_KONG/5659/2012,A/SLOVENIA/2903/2015,2.0
A/HONG_KONG/5659/2012,A/ISRAEL/Q-504/2015,2.82842712475
A/SOUTH_AFRICA/3626/2013,A/SLOVENIA/2903/2015,1.41421356237
A/SOUTH_AFRICA/3626/2013,A/ISRAEL/Q-504/2015,1.41421356237
A/SLOVENIA/2903/2015,A/ISRAEL/Q-504/2015,1.41421356237
A/HONG_KONG/5659/2012,A/UKRAINE/6907/2015,2.0
A/SOUTH_AFRICA/3626/2013,A/UKRAINE/6907/2015,1.41421356237
A/SLOVENIA/2903/2015,A/UKRAINE/6907/2015,2.0
A/ISRAEL/Q-504/2015,A/UKRAINE/6907/2015,1.0
A/BANGLADESH/2021/2012,A/SOUTH_AUSTRALIA/17/2013,5.65685424949
A/BANGLADESH/2021/2012,A/NEW_HAMPSHIRE/04/2013,11.313708499
A/BANGLADESH/2021/2012,A/MASSACHUSETTS/15/2013,11.313708499
A/BANGLADESH/2021/2012,A/DOMINICAN_REPUBLIC/7293/2013,8.0
A/BANGLADESH/2021/2012,A/WASHINGTON/24/2012,5.65685424949
A/SOUTH_AUSTRALIA/17/2013,A/NEW_HAMPSHIRE/04/2013,1.41421356237
A/SOUTH_AUSTRALIA/17/2013,A/MASSACHUSETTS/15/2013,1.0
A/SOUTH_AUSTRALIA/17/2013,A/DOMINICAN_REPUBLIC/7293/2013,0.707106781187
A/SOUTH_AUSTRALIA/17/2013,A/WASHINGTON/24/2012,1.0
A/NEW_HAMPSHIRE/04/2013,A/MASSACHUSETTS/15/2013,1.0
A/NEW_HAMPSHIRE/04/2013,A/DOMINICAN_REPUBLIC/7293/2013,1.41421356237
A/NEW_HAMPSHIRE/04/2013,A/WASHINGTON/24/2012,2.82842712475
A/MASSACHUSETTS/15/2013,A/DOMINICAN_REPUBLIC/7293/2013,1.0
A/MASSACHUSETTS/15/2013,A/WASHINGTON/24/2012,1.41421356237
A/DOMINICAN_REPUBLIC/7293/2013,A/WASHINGTON/24/2012,0.707106781187
A/MARYLAND/13/2012,A/BANGLADESH/2021/2012,5.65685424949
A/MARYLAND/13/2012,A/WASHINGTON/24/2012,1.0
A/MARYLAND/13/2012,A/COLORADO/14/2012,0.707106781187
A/BANGLADESH/2021/2012,A/COLORADO/14/2012,2.0
A/WASHINGTON/24/2012,A/COLORADO/14/2012,1.41421356237
A/MICHIGAN/45/2015,A/PANAMA/318595/2016,1.0
A/MICHIGAN/45/2015,A/IOWA/53/2015,1.41421356237
A/PANAMA/318595/2016,A/IOWA/53/2015,1.41421356237
A/ST._PETERSBURG/61/2015,A/SOUTH_AFRICA/3626/2013,2.0
A/ST._PETERSBURG/61/2015,A/MICHIGAN/45/2015,2.82842712475
A/ST._PETERSBURG/61/2015,A/MINNESOTA/32/2015,4.0
A/SOUTH_AFRICA/3626/2013,A/MICHIGAN/45/2015,1.0
A/SOUTH_AFRICA/3626/2013,A/MINNESOTA/32/2015,2.0
A/MICHIGAN/45/2015,A/MINNESOTA/32/2015,1.0
A/BANGLADESH/2021/2012,A/NORTH_CAROLINA/04/2014,8.0
A/BANGLADESH/2021/2012,A/HONG_KONG/5008/13,8.0
A/BANGLADESH/2021/2012,A/PENNSYLVANIA/07/2013,4.0
A/NORTH_CAROLINA/04/2014,A/HONG_KONG/5008/13,1.0
A/NORTH_CAROLINA/04/2014,A/PENNSYLVANIA/07/2013,1.41421356237
A/HONG_KONG/5008/13,A/PENNSYLVANIA/07/2013,1.0
A/ST._PETERSBURG/61/2015,A/INDIANA/21/2016,2.82842712475
A/ST._PETERSBURG/61/2015,A/IOWA/53/2015,4.0
A/MICHIGAN/45/2015,A/INDIANA/21/2016,1.0
A/INDIANA/21/2016,A/IOWA/53/2015,1.0
A/MARYLAND/13/2012,A/DOMINICAN_REPUBLIC/7293/2013,1.41421356237
A/MARYLAND/13/2012,A/BOLIVIA/559/2013,1.0
A/MARYLAND/13/2012,A/MICHIGAN/45/2015,1.41421356237
A/MARYLAND/13/2012,A/IOWA/53/2015,2.0
A/DOMINICAN_REPUBLIC/7293/2013,A/BOLIVIA/559/2013,1.41421356237
A/DOMINICAN_REPUBLIC/7293/2013,A/MICHIGAN/45/2015,1.41421356237
A/DOMINICAN_REPUBLIC/7293/2013,A/IOWA/53/2015,1.41421356237
A/BOLIVIA/559/2013,A/MICHIGAN/45/2015,1.0
A/BOLIVIA/559/2013,A/IOWA/53/2015,2.0
A/HONG_KONG/5659/2012,A/DOMINICAN_REPUBLIC/7293/2013,1.41421356237
A/SOUTH_AFRICA/3626/2013,A/DOMINICAN_REPUBLIC/7293/2013,1.41421356237
A/HONG_KONG/5659/2012,A/HONG_KONG/90/2016,1.0
A/SOUTH_AFRICA/3626/2013,A/HONG_KONG/90/2016,0.707106781187
A/SLOVENIA/2903/2015,A/HONG_KONG/90/2016,0.707106781187
A/ISRAEL/Q-504/2015,A/HONG_KONG/90/2016,0.707106781187
A/OHIO/9/2015,A/WISCONSIN/71/2016,512.0
A/OHIO/9/2015,A/HUNAN/42443/2015,128.0
A/OHIO/9/2015,A/HUNAN/42443/2015_CNIC_1601,256.0
A/WISCONSIN/71/2016,A/HUNAN/42443/2015,512.0
A/WISCONSIN/71/2016,A/HUNAN/42443/2015_CNIC_1601,512.0
A/HUNAN/42443/2015,A/HUNAN/42443/2015_CNIC_1601,1.41421356237
